<?xml version = '1.0' encoding = 'UTF-8'?>
<relationalModel class="oracle.dbtools.crest.model.design.relational.RelationalDesign" name="Relational_1" id="BF5883A9-FA24-E279-1841-85113B9CC82E" mainViewID="04717636-B151-2CA2-6AE0-9CC5D08ABFF3">
<createdBy>FrZxK</createdBy>
<createdTime>2025-08-17 22:18:37 UTC</createdTime>
<ownerDesignName>Línea Aérea BT&amp;Airways</ownerDesignName>
<shouldBeOpen>false</shouldBeOpen>
<selectedRDBMSSite>32076570-2523-435C-2E92-BF29817DFF70</selectedRDBMSSite>
</relationalModel>