<?xml version = '1.0' encoding = 'UTF-8'?>
<Relation class="oracle.dbtools.crest.model.design.logical.Relation" name="PERSONAL_CUIDADOR" directorySegmentName="seg_0" id="0090DE56-3AB8-3E4C-DC2D-0694A0F0D534">
<createdBy>FrZxK</createdBy>
<createdTime>2025-09-02 01:53:16 UTC</createdTime>
<ownerDesignName>Vivir Mejor</ownerDesignName>
<engineerTo>
<item key="C2A22E6C-F2E1-FE6D-44C8-BDF9BD68D7D2" value="true"/>
</engineerTo>
<sourcePk>A3BBB9DB-7FF2-E512-49C0-5FE234DD7793</sourcePk>
<targetPk>A4C31644-BB93-7CC4-068F-0DE360A6B428</targetPk>
<identifying>false</identifying>
<optionalSource>true</optionalSource>
<optionalTarget>false</optionalTarget>
<sourceCardinality>1</sourceCardinality>
<sourceEntity>9FCEE55B-8BA3-1E24-CAF2-46D7B3BADD14</sourceEntity>
<targetCardinalityString>1</targetCardinalityString>
<targetEntity>4BB97D2B-7D4F-B784-79BB-8B6E091331E6</targetEntity>
<transferable>true</transferable>
<deleteRule>NO ACTION</deleteRule>
</Relation>