<?xml version = '1.0' encoding = 'UTF-8'?>
<Relation class="oracle.dbtools.crest.model.design.logical.Relation" name="RESIDENCIA_PERSONAL" directorySegmentName="seg_0" id="38B0A95C-42DC-73D9-DE67-B14897829740">
<createdBy>FrZxK</createdBy>
<createdTime>2025-09-02 01:44:25 UTC</createdTime>
<ownerDesignName>Vivir Mejor</ownerDesignName>
<engineerTo>
<item key="C2A22E6C-F2E1-FE6D-44C8-BDF9BD68D7D2" value="true"/>
</engineerTo>
<sourcePk>99D60C25-861D-80B4-E9BA-9E4C1B0D2E2F</sourcePk>
<targetPk>A3BBB9DB-7FF2-E512-49C0-5FE234DD7793</targetPk>
<identifying>false</identifying>
<optionalSource>true</optionalSource>
<optionalTarget>false</optionalTarget>
<sourceCardinality>1</sourceCardinality>
<sourceEntity>287C69E6-ECDE-9A43-AB85-AA82274B2712</sourceEntity>
<targetCardinalityString>*</targetCardinalityString>
<targetEntity>9FCEE55B-8BA3-1E24-CAF2-46D7B3BADD14</targetEntity>
<transferable>true</transferable>
<deleteRule>NO ACTION</deleteRule>
</Relation>