<?xml version = '1.0' encoding = 'UTF-8'?>
<Relation class="oracle.dbtools.crest.model.design.logical.Relation" name="RESIDENCIA_HABITACION" directorySegmentName="seg_0" id="96CEFFB6-A013-2BE6-221E-FC32F617330E">
<createdBy>FrZxK</createdBy>
<createdTime>2025-09-02 01:43:10 UTC</createdTime>
<ownerDesignName>Vivir Mejor</ownerDesignName>
<engineerTo>
<item key="C2A22E6C-F2E1-FE6D-44C8-BDF9BD68D7D2" value="true"/>
</engineerTo>
<sourcePk>99D60C25-861D-80B4-E9BA-9E4C1B0D2E2F</sourcePk>
<targetPk>B0EBA863-4FD3-C54C-7424-DE3D1128F861</targetPk>
<identifying>false</identifying>
<optionalSource>true</optionalSource>
<optionalTarget>false</optionalTarget>
<sourceCardinality>1</sourceCardinality>
<sourceEntity>287C69E6-ECDE-9A43-AB85-AA82274B2712</sourceEntity>
<targetCardinalityString>*</targetCardinalityString>
<targetEntity>E53E2B81-42B9-FA7B-4DE2-E8771248CBAD</targetEntity>
<transferable>true</transferable>
<deleteRule>NO ACTION</deleteRule>
</Relation>