<?xml version = '1.0' encoding = 'UTF-8'?>
<Relation class="oracle.dbtools.crest.model.design.logical.Relation" name="CONTRATO_ANEXO" directorySegmentName="seg_0" id="9DCCC2D9-A809-FC6D-19DD-32E6C787310C">
<createdBy>FrZxK</createdBy>
<createdTime>2025-09-02 01:51:16 UTC</createdTime>
<ownerDesignName>Vivir Mejor</ownerDesignName>
<engineerTo>
<item key="C2A22E6C-F2E1-FE6D-44C8-BDF9BD68D7D2" value="true"/>
</engineerTo>
<sourcePk>B7269514-2C33-33A3-3B87-EA545A99DDC4</sourcePk>
<targetPk>326D1BEC-4400-DC3B-230F-312B9238FB5D</targetPk>
<identifying>false</identifying>
<optionalSource>true</optionalSource>
<optionalTarget>false</optionalTarget>
<sourceCardinality>1</sourceCardinality>
<sourceEntity>54301B37-63D0-C80C-0833-61C6432968E3</sourceEntity>
<targetCardinalityString>*</targetCardinalityString>
<targetEntity>4C750E1E-01E6-69CE-4517-DD573BE0DDB4</targetEntity>
<transferable>true</transferable>
<deleteRule>NO ACTION</deleteRule>
</Relation>