<?xml version = '1.0' encoding = 'UTF-8'?>
<Relation class="oracle.dbtools.crest.model.design.logical.Relation" name="ANEXO_RESIDENTE" directorySegmentName="seg_0" id="C8472754-73C0-1117-E0B9-1C8C2114ADB3">
<createdBy>FrZxK</createdBy>
<createdTime>2025-09-02 03:44:16 UTC</createdTime>
<ownerDesignName>Vivir Mejor</ownerDesignName>
<engineerTo>
<item key="C2A22E6C-F2E1-FE6D-44C8-BDF9BD68D7D2" value="true"/>
</engineerTo>
<sourcePk>326D1BEC-4400-DC3B-230F-312B9238FB5D</sourcePk>
<targetPk>455E56C0-FA55-5A0A-AA55-4996E6344911</targetPk>
<identifying>false</identifying>
<optionalSource>true</optionalSource>
<optionalTarget>false</optionalTarget>
<sourceCardinality>1</sourceCardinality>
<sourceEntity>4C750E1E-01E6-69CE-4517-DD573BE0DDB4</sourceEntity>
<targetCardinalityString>1</targetCardinalityString>
<targetEntity>42F4816E-D0B6-2EBA-E44C-66C98D8E7472</targetEntity>
<transferable>true</transferable>
<deleteRule>NO ACTION</deleteRule>
</Relation>