<?xml version = '1.0' encoding = 'UTF-8'?>
<Relation class="oracle.dbtools.crest.model.design.logical.Relation" name="PERSONA_RESIDENTE" directorySegmentName="seg_0" id="CC537165-3245-D1A5-D256-145C294A38C6">
<createdBy>FrZxK</createdBy>
<createdTime>2025-09-02 01:49:40 UTC</createdTime>
<ownerDesignName>Vivir Mejor</ownerDesignName>
<engineerTo>
<item key="C2A22E6C-F2E1-FE6D-44C8-BDF9BD68D7D2" value="true"/>
</engineerTo>
<sourcePk>F7F46E40-CE71-9DFE-300F-0C1E8ED04359</sourcePk>
<targetPk>455E56C0-FA55-5A0A-AA55-4996E6344911</targetPk>
<identifying>false</identifying>
<optionalSource>true</optionalSource>
<optionalTarget>false</optionalTarget>
<sourceCardinality>1</sourceCardinality>
<sourceEntity>EEDE8187-780C-08F1-380C-650E2122E64F</sourceEntity>
<targetCardinalityString>1</targetCardinalityString>
<targetEntity>42F4816E-D0B6-2EBA-E44C-66C98D8E7472</targetEntity>
<transferable>true</transferable>
<deleteRule>NO ACTION</deleteRule>
</Relation>