<?xml version = '1.0' encoding = 'UTF-8'?>
<Relation class="oracle.dbtools.crest.model.design.logical.Relation" name="PERSONA_APODERADO" directorySegmentName="seg_0" id="D6E734DD-82D8-A33A-C95E-B7CE7EED3F46">
<createdBy>FrZxK</createdBy>
<createdTime>2025-09-02 01:48:39 UTC</createdTime>
<ownerDesignName>Vivir Mejor</ownerDesignName>
<engineerTo>
<item key="C2A22E6C-F2E1-FE6D-44C8-BDF9BD68D7D2" value="true"/>
</engineerTo>
<sourcePk>F7F46E40-CE71-9DFE-300F-0C1E8ED04359</sourcePk>
<targetPk>D9A7F402-2969-8BE9-D895-8BB2201E567D</targetPk>
<identifying>false</identifying>
<optionalSource>true</optionalSource>
<optionalTarget>false</optionalTarget>
<sourceCardinality>1</sourceCardinality>
<sourceEntity>EEDE8187-780C-08F1-380C-650E2122E64F</sourceEntity>
<targetCardinalityString>1</targetCardinalityString>
<targetEntity>40730882-32A7-BB2D-CF12-41DB532CE2E5</targetEntity>
<transferable>true</transferable>
<deleteRule>NO ACTION</deleteRule>
</Relation>