<?xml version = '1.0' encoding = 'UTF-8'?>
<Relation class="oracle.dbtools.crest.model.design.logical.Relation" name="RESIDENTE_ASIGNACION_HABITACION" directorySegmentName="seg_0" id="D92CE6F9-22E2-D6C1-CFF8-6D52B0C59920">
<createdBy>FrZxK</createdBy>
<createdTime>2025-09-02 01:52:23 UTC</createdTime>
<ownerDesignName>Vivir Mejor</ownerDesignName>
<engineerTo>
<item key="C2A22E6C-F2E1-FE6D-44C8-BDF9BD68D7D2" value="true"/>
</engineerTo>
<sourcePk>455E56C0-FA55-5A0A-AA55-4996E6344911</sourcePk>
<targetPk>FE54BF3F-C4E3-8D0B-1912-088207916AF7</targetPk>
<identifying>false</identifying>
<optionalSource>true</optionalSource>
<optionalTarget>false</optionalTarget>
<sourceCardinality>1</sourceCardinality>
<sourceEntity>42F4816E-D0B6-2EBA-E44C-66C98D8E7472</sourceEntity>
<targetCardinalityString>*</targetCardinalityString>
<targetEntity>F20F71F4-7B94-1356-F043-66E109E8D64F</targetEntity>
<transferable>true</transferable>
<deleteRule>NO ACTION</deleteRule>
</Relation>