<?xml version = '1.0' encoding = 'UTF-8'?>
<Relation class="oracle.dbtools.crest.model.design.logical.Relation" name="APODERADO_CONTRATO" directorySegmentName="seg_0" id="DA28E2A6-A870-7690-965E-EB2807BAE7E7">
<createdBy>FrZxK</createdBy>
<createdTime>2025-09-02 01:50:40 UTC</createdTime>
<ownerDesignName>Vivir Mejor</ownerDesignName>
<engineerTo>
<item key="C2A22E6C-F2E1-FE6D-44C8-BDF9BD68D7D2" value="true"/>
</engineerTo>
<sourcePk>D9A7F402-2969-8BE9-D895-8BB2201E567D</sourcePk>
<targetPk>B7269514-2C33-33A3-3B87-EA545A99DDC4</targetPk>
<identifying>false</identifying>
<optionalSource>true</optionalSource>
<optionalTarget>false</optionalTarget>
<sourceCardinality>1</sourceCardinality>
<sourceEntity>40730882-32A7-BB2D-CF12-41DB532CE2E5</sourceEntity>
<targetCardinalityString>*</targetCardinalityString>
<targetEntity>54301B37-63D0-C80C-0833-61C6432968E3</targetEntity>
<transferable>true</transferable>
<deleteRule>NO ACTION</deleteRule>
</Relation>