<?xml version = '1.0' encoding = 'UTF-8'?>
<Relation class="oracle.dbtools.crest.model.design.logical.Relation" name="HABITACION_ASIGNACION_HABITACION" directorySegmentName="seg_0" id="DFC36D53-12DA-D081-7B72-7ADBF2739792">
<createdBy>FrZxK</createdBy>
<createdTime>2025-09-02 02:11:32 UTC</createdTime>
<ownerDesignName>Vivir Mejor</ownerDesignName>
<engineerTo>
<item key="C2A22E6C-F2E1-FE6D-44C8-BDF9BD68D7D2" value="true"/>
</engineerTo>
<sourcePk>B0EBA863-4FD3-C54C-7424-DE3D1128F861</sourcePk>
<targetPk>FE54BF3F-C4E3-8D0B-1912-088207916AF7</targetPk>
<identifying>false</identifying>
<optionalSource>true</optionalSource>
<optionalTarget>false</optionalTarget>
<sourceCardinality>1</sourceCardinality>
<sourceEntity>E53E2B81-42B9-FA7B-4DE2-E8771248CBAD</sourceEntity>
<targetCardinalityString>1</targetCardinalityString>
<targetEntity>F20F71F4-7B94-1356-F043-66E109E8D64F</targetEntity>
<transferable>true</transferable>
<deleteRule>NO ACTION</deleteRule>
</Relation>