<?xml version = '1.0' encoding = 'UTF-8'?>
<Relation class="oracle.dbtools.crest.model.design.logical.Relation" name="PERSONAL_MEDICO" directorySegmentName="seg_0" id="F6CD73D9-2B2E-0B8C-7C76-102F3095C4DD">
<createdBy>FrZxK</createdBy>
<createdTime>2025-09-02 01:53:33 UTC</createdTime>
<ownerDesignName>Vivir Mejor</ownerDesignName>
<engineerTo>
<item key="C2A22E6C-F2E1-FE6D-44C8-BDF9BD68D7D2" value="true"/>
</engineerTo>
<sourcePk>A3BBB9DB-7FF2-E512-49C0-5FE234DD7793</sourcePk>
<targetPk>B3E75993-1E2F-AE6E-86D4-82CC3F1F0E7D</targetPk>
<identifying>false</identifying>
<optionalSource>true</optionalSource>
<optionalTarget>false</optionalTarget>
<sourceCardinality>1</sourceCardinality>
<sourceEntity>9FCEE55B-8BA3-1E24-CAF2-46D7B3BADD14</sourceEntity>
<targetCardinalityString>1</targetCardinalityString>
<targetEntity>DC060CD9-F657-67BC-95B0-31ACE98C1126</targetEntity>
<transferable>true</transferable>
<deleteRule>NO ACTION</deleteRule>
</Relation>