<?xml version = '1.0' encoding = 'UTF-8'?>
<Diagram class="oracle.dbtools.crest.swingui.relational.DPVRelational" name="Relational_1" id="E89FF108-1EB0-6AFF-94E5-2E4042EA78F0">
<createdBy>FrZxK</createdBy>
<modifiedBy>FrZxK</modifiedBy>
<createdTime>2025-09-16 01:02:13 UTC</createdTime>
<autoRoute>false</autoRoute>
<boxInbox>true</boxInbox>
<showLegend>false</showLegend>
<showLabels>false</showLabels>
<showRelAttributes>false</showRelAttributes>
<gridEnabled>false</gridEnabled>
<showGrid>false</showGrid>
<diagramColor>-1</diagramColor>
<display>false</display>
<notation>1</notation>
<objectViews>
<OView class="oracle.dbtools.crest.swingui.relational.TVTable" oid="0FE8DB1E-4E83-320C-F483-9CF9A6E6BB85" otype="Table" vid="1C7FC5C2-CE4E-2A4B-4102-7B7277399395">
<hideElementsInCurrentOnly>false</hideElementsInCurrentOnly>
<bounds x="298" y="674" width="478" height="172"/>
</OView>
<OView class="oracle.dbtools.crest.swingui.relational.TVTable" oid="1D1D728D-BADA-5846-036C-E97AFC464BDC" otype="Table" vid="6466C284-EC9C-FA86-F53A-C49ECEC1B19C">
<hideElementsInCurrentOnly>false</hideElementsInCurrentOnly>
<bounds x="390" y="22" width="221" height="92"/>
</OView>
<OView class="oracle.dbtools.crest.swingui.relational.TVTable" oid="21FF0031-80CE-7DE9-3A15-E12C43571221" otype="Table" vid="BB6D6A16-025E-C165-8964-5A9CE2D8F5DD">
<hideElementsInCurrentOnly>false</hideElementsInCurrentOnly>
<bounds x="9" y="649" width="255" height="155"/>
</OView>
<OView class="oracle.dbtools.crest.swingui.relational.TVTable" oid="2CE1FD09-460C-17AD-BFDC-A47D93182417" otype="Table" vid="A80D037A-4FCF-3605-7787-FFFF72569E70">
<hideElementsInCurrentOnly>false</hideElementsInCurrentOnly>
<bounds x="36" y="296" width="239" height="149"/>
</OView>
<OView class="oracle.dbtools.crest.swingui.relational.TVTable" oid="3EACB134-3776-1BDE-0E73-48C2CF021DF2" otype="Table" vid="16F012A4-81C3-78EB-9883-D7494D0FB036">
<hideElementsInCurrentOnly>false</hideElementsInCurrentOnly>
<bounds x="378" y="168" width="260" height="222"/>
</OView>
<OView class="oracle.dbtools.crest.swingui.relational.TVTable" oid="4C30DB69-24A6-DBEC-C84E-758D93CC704B" otype="Table" vid="E9B02104-7B29-00E7-E3F7-6D2C926195D6">
<hideElementsInCurrentOnly>false</hideElementsInCurrentOnly>
<bounds x="1011" y="494" width="232" height="140"/>
</OView>
<OView class="oracle.dbtools.crest.swingui.relational.TVTable" oid="6C2EC747-A0FF-1774-06B8-27A34FA0FDA7" otype="Table" vid="38DFC592-BFD2-51DA-902F-0C14399CF5EA">
<hideElementsInCurrentOnly>false</hideElementsInCurrentOnly>
<bounds x="1041" y="150" width="191" height="106"/>
</OView>
<OView class="oracle.dbtools.crest.swingui.relational.TVTable" oid="74B9030D-89E3-0A7D-E2BA-3D0E0CD5B8A8" otype="Table" vid="931B9DD3-E09C-4171-B73D-AB035A337FB0">
<hideElementsInCurrentOnly>false</hideElementsInCurrentOnly>
<bounds x="1027" y="14" width="219" height="102"/>
</OView>
<OView class="oracle.dbtools.crest.swingui.relational.TVTable" oid="7D94DE87-4041-2644-25B8-4160EAED051A" otype="Table" vid="0D206AAB-71E7-B21E-6B47-369D21880ADD">
<hideElementsInCurrentOnly>false</hideElementsInCurrentOnly>
<bounds x="449" y="484" width="230" height="147"/>
</OView>
<OView class="oracle.dbtools.crest.swingui.relational.TVTable" oid="8B60D7FF-5A4A-18EB-A538-C727E1D24165" otype="Table" vid="6DE2C78F-A549-6879-4390-815B5DC4E297">
<hideElementsInCurrentOnly>false</hideElementsInCurrentOnly>
<bounds x="408" y="713" width="170" height="115"/>
</OView>
<OView class="oracle.dbtools.crest.swingui.relational.TVTable" oid="8EB4ACEF-6A6A-7277-0D54-C0BA7657E851" otype="Table" vid="F105919E-E52A-51FE-443F-840010D3F338">
<hideElementsInCurrentOnly>false</hideElementsInCurrentOnly>
<bounds x="45" y="484" width="215" height="106"/>
</OView>
<OView class="oracle.dbtools.crest.swingui.relational.TVTable" oid="A859D347-AF97-860A-A0C4-E5C4B4E5EAFF" otype="Table" vid="BFD50536-BCC7-53DE-EDC8-43BD2E025546">
<hideElementsInCurrentOnly>false</hideElementsInCurrentOnly>
<bounds x="0" y="1" width="346" height="261"/>
</OView>
<OView class="oracle.dbtools.crest.swingui.relational.TVTable" oid="B0D23C6A-9671-7E99-1C50-38063201719E" otype="Table" vid="9C2FE653-8FF9-0C23-FA12-6759C73F64FB">
<hideElementsInCurrentOnly>false</hideElementsInCurrentOnly>
<bounds x="646" y="0" width="354" height="237"/>
</OView>
<OView class="oracle.dbtools.crest.swingui.relational.TVTable" oid="B3568723-2B0C-F7EB-1955-4178C798AF9B" otype="Table" vid="3BE17DBF-13C1-C141-3549-9862BDD8BE4F">
<hideElementsInCurrentOnly>false</hideElementsInCurrentOnly>
<bounds x="1055" y="319" width="206" height="106"/>
</OView>
<OView class="oracle.dbtools.crest.swingui.relational.TVTable" oid="E64ADD20-A5C4-8846-6F5D-CC351ADAF3E2" otype="Table" vid="35044287-E6E0-7855-FF13-119EE6E462F5">
<hideElementsInCurrentOnly>false</hideElementsInCurrentOnly>
<bounds x="802" y="666" width="450" height="209"/>
</OView>
<OView class="oracle.dbtools.crest.swingui.relational.TVTable" oid="F2194F88-6064-47AD-DEBE-343B37D8CCBD" otype="Table" vid="54AF606F-6945-3B35-EDD9-9C39E34E79C1">
<hideElementsInCurrentOnly>false</hideElementsInCurrentOnly>
<bounds x="707" y="271" width="237" height="348"/>
</OView>
</objectViews>
<connectors>
<Connector class="oracle.dbtools.crest.swingui.relational.TVFKRelation" oid="02992420-1AD2-E349-1F7C-E003EF5CAD31" otype="FKIndexAssociation" vid_source="16F012A4-81C3-78EB-9883-D7494D0FB036" vid_target="9C2FE653-8FF9-0C23-FA12-6759C73F64FB">
<hideElementsInCurrentOnly>false</hideElementsInCurrentOnly>
<backgroundColor>-16777216</backgroundColor>
<lineWidth>1</lineWidth>
<points>
<point x="638" y="217"/>
<point x="646" y="217"/>
</points>
</Connector>
<Connector class="oracle.dbtools.crest.swingui.relational.TVFKRelation" oid="12D59D20-3D95-177A-C3B0-D959356A90E9" otype="FKIndexAssociation" vid_source="3BE17DBF-13C1-C141-3549-9862BDD8BE4F" vid_target="54AF606F-6945-3B35-EDD9-9C39E34E79C1">
<hideElementsInCurrentOnly>false</hideElementsInCurrentOnly>
<backgroundColor>-16777216</backgroundColor>
<lineWidth>1</lineWidth>
<points>
<point x="1055" y="372"/>
<point x="944" y="372"/>
</points>
</Connector>
<Connector class="oracle.dbtools.crest.swingui.relational.TVFKRelation" oid="1CFD9E19-831F-F1FB-E501-19A20836A476" otype="FKIndexAssociation" vid_source="0D206AAB-71E7-B21E-6B47-369D21880ADD" vid_target="16F012A4-81C3-78EB-9883-D7494D0FB036">
<hideElementsInCurrentOnly>false</hideElementsInCurrentOnly>
<backgroundColor>-16777216</backgroundColor>
<lineWidth>1</lineWidth>
<points>
<point x="543" y="484"/>
<point x="543" y="390"/>
</points>
</Connector>
<Connector class="oracle.dbtools.crest.swingui.relational.TVFKRelation" oid="2982F7EC-520E-0303-7D06-F178B0FD4CA9" otype="FKIndexAssociation" vid_source="A80D037A-4FCF-3605-7787-FFFF72569E70" vid_target="BFD50536-BCC7-53DE-EDC8-43BD2E025546">
<hideElementsInCurrentOnly>false</hideElementsInCurrentOnly>
<backgroundColor>-16777216</backgroundColor>
<lineWidth>1</lineWidth>
<points>
<point x="140" y="296"/>
<point x="140" y="239"/>
</points>
</Connector>
<Connector class="oracle.dbtools.crest.swingui.relational.TVFKRelation" oid="2B6A8DDF-F376-B77B-1F57-7B08CBAE33B0" otype="FKIndexAssociation" vid_source="54AF606F-6945-3B35-EDD9-9C39E34E79C1" vid_target="54AF606F-6945-3B35-EDD9-9C39E34E79C1">
<hideElementsInCurrentOnly>false</hideElementsInCurrentOnly>
<backgroundColor>-16777216</backgroundColor>
<lineWidth>1</lineWidth>
<points>
<point x="944" y="436"/>
<point x="1015" y="436"/>
<point x="1063" y="452"/>
<point x="1015" y="464"/>
<point x="944" y="464"/>
</points>
</Connector>
<Connector class="oracle.dbtools.crest.swingui.relational.TVFKRelation" oid="2E2BFC79-EC44-5101-F3D9-667693927FCE" otype="FKIndexAssociation" vid_source="54AF606F-6945-3B35-EDD9-9C39E34E79C1" vid_target="54AF606F-6945-3B35-EDD9-9C39E34E79C1">
<hideElementsInCurrentOnly>false</hideElementsInCurrentOnly>
<backgroundColor>-16777216</backgroundColor>
<lineWidth>1</lineWidth>
<points>
<point x="707" y="394"/>
<point x="663" y="394"/>
<point x="663" y="426"/>
<point x="664" y="474"/>
<point x="707" y="474"/>
</points>
</Connector>
<Connector class="oracle.dbtools.crest.swingui.relational.TVFKRelation" oid="32355997-5DEE-D581-7E98-BBFCA66B6365" otype="FKIndexAssociation" vid_source="38DFC592-BFD2-51DA-902F-0C14399CF5EA" vid_target="54AF606F-6945-3B35-EDD9-9C39E34E79C1">
<hideElementsInCurrentOnly>false</hideElementsInCurrentOnly>
<backgroundColor>-16777216</backgroundColor>
<lineWidth>1</lineWidth>
<points>
<point x="1068" y="256"/>
<point x="944" y="352"/>
</points>
</Connector>
<Connector class="oracle.dbtools.crest.swingui.relational.TVFKRelation" oid="37EB8D4C-9AD0-1409-109C-DA55A64104A1" otype="FKIndexAssociation" vid_source="16F012A4-81C3-78EB-9883-D7494D0FB036" vid_target="1C7FC5C2-CE4E-2A4B-4102-7B7277399395">
<hideElementsInCurrentOnly>false</hideElementsInCurrentOnly>
<backgroundColor>-16777216</backgroundColor>
<lineWidth>1</lineWidth>
<points>
<point x="409" y="390"/>
<point x="434" y="674"/>
</points>
</Connector>
<Connector class="oracle.dbtools.crest.swingui.relational.TVFKRelation" oid="6C76B5FF-4E27-2C97-8962-32BC777DD54F" otype="FKIndexAssociation" vid_source="BB6D6A16-025E-C165-8964-5A9CE2D8F5DD" vid_target="6DE2C78F-A549-6879-4390-815B5DC4E297">
<hideElementsInCurrentOnly>false</hideElementsInCurrentOnly>
<backgroundColor>-16777216</backgroundColor>
<lineWidth>1</lineWidth>
<points>
<point x="264" y="758"/>
<point x="408" y="758"/>
</points>
</Connector>
<Connector class="oracle.dbtools.crest.swingui.relational.TVFKRelation" oid="81BCC2C5-B285-C1D3-48B5-2E374EF83509" otype="FKIndexAssociation" vid_source="BB6D6A16-025E-C165-8964-5A9CE2D8F5DD" vid_target="1C7FC5C2-CE4E-2A4B-4102-7B7277399395">
<hideElementsInCurrentOnly>false</hideElementsInCurrentOnly>
<backgroundColor>-16777216</backgroundColor>
<lineWidth>1</lineWidth>
<points>
<point x="264" y="739"/>
<point x="298" y="739"/>
</points>
</Connector>
<Connector class="oracle.dbtools.crest.swingui.relational.TVFKRelation" oid="84D51BE3-7374-309A-78D8-BEE6F3E2E93B" otype="FKIndexAssociation" vid_source="1C7FC5C2-CE4E-2A4B-4102-7B7277399395" vid_target="35044287-E6E0-7855-FF13-119EE6E462F5">
<hideElementsInCurrentOnly>false</hideElementsInCurrentOnly>
<backgroundColor>-16777216</backgroundColor>
<lineWidth>1</lineWidth>
<points>
<point x="776" y="760"/>
<point x="802" y="760"/>
</points>
</Connector>
<Connector class="oracle.dbtools.crest.swingui.relational.TVFKRelation" oid="A898ABA1-5438-5961-1A1A-DF6955C59947" otype="FKIndexAssociation" vid_source="6466C284-EC9C-FA86-F53A-C49ECEC1B19C" vid_target="BFD50536-BCC7-53DE-EDC8-43BD2E025546">
<hideElementsInCurrentOnly>false</hideElementsInCurrentOnly>
<backgroundColor>-16777216</backgroundColor>
<lineWidth>1</lineWidth>
<points>
<point x="390" y="68"/>
<point x="294" y="68"/>
</points>
</Connector>
<Connector class="oracle.dbtools.crest.swingui.relational.TVFKRelation" oid="AA0ACCE1-7E91-ED08-2A68-395A761D4330" otype="FKIndexAssociation" vid_source="931B9DD3-E09C-4171-B73D-AB035A337FB0" vid_target="9C2FE653-8FF9-0C23-FA12-6759C73F64FB">
<hideElementsInCurrentOnly>false</hideElementsInCurrentOnly>
<backgroundColor>-16777216</backgroundColor>
<lineWidth>1</lineWidth>
<points>
<point x="1027" y="65"/>
<point x="1000" y="65"/>
</points>
</Connector>
<Connector class="oracle.dbtools.crest.swingui.relational.TVFKRelation" oid="B8812261-27F3-1D2B-AAF9-AB0128E5E27B" otype="FKIndexAssociation" vid_source="E9B02104-7B29-00E7-E3F7-6D2C926195D6" vid_target="54AF606F-6945-3B35-EDD9-9C39E34E79C1">
<hideElementsInCurrentOnly>false</hideElementsInCurrentOnly>
<backgroundColor>-16777216</backgroundColor>
<lineWidth>1</lineWidth>
<points>
<point x="1011" y="556"/>
<point x="944" y="556"/>
</points>
</Connector>
<Connector class="oracle.dbtools.crest.swingui.relational.TVFKRelation" oid="BDBF46CD-2237-97DE-19C0-EF104B5ACF44" otype="FKIndexAssociation" vid_source="16F012A4-81C3-78EB-9883-D7494D0FB036" vid_target="6DE2C78F-A549-6879-4390-815B5DC4E297">
<hideElementsInCurrentOnly>false</hideElementsInCurrentOnly>
<backgroundColor>-16777216</backgroundColor>
<lineWidth>1</lineWidth>
<points>
<point x="378" y="386"/>
<point x="408" y="713"/>
</points>
</Connector>
<Connector class="oracle.dbtools.crest.swingui.relational.TVFKRelation" oid="C813389A-1183-B8B4-9380-CBA41BBB4C80" otype="FKIndexAssociation" vid_source="54AF606F-6945-3B35-EDD9-9C39E34E79C1" vid_target="16F012A4-81C3-78EB-9883-D7494D0FB036">
<hideElementsInCurrentOnly>false</hideElementsInCurrentOnly>
<backgroundColor>-16777216</backgroundColor>
<lineWidth>1</lineWidth>
<points>
<point x="707" y="330"/>
<point x="638" y="330"/>
</points>
</Connector>
<Connector class="oracle.dbtools.crest.swingui.relational.TVFKRelation" oid="EEA538A6-AC77-8EE9-51DA-F87CAB5CB615" otype="FKIndexAssociation" vid_source="BFD50536-BCC7-53DE-EDC8-43BD2E025546" vid_target="16F012A4-81C3-78EB-9883-D7494D0FB036">
<hideElementsInCurrentOnly>false</hideElementsInCurrentOnly>
<backgroundColor>-16777216</backgroundColor>
<lineWidth>1</lineWidth>
<points>
<point x="294" y="215"/>
<point x="378" y="215"/>
</points>
</Connector>
<Connector class="oracle.dbtools.crest.swingui.relational.TVFKRelation" oid="F313F937-3055-33B2-F5A9-7E745AF774F1" otype="FKIndexAssociation" vid_source="F105919E-E52A-51FE-443F-840010D3F338" vid_target="A80D037A-4FCF-3605-7787-FFFF72569E70">
<hideElementsInCurrentOnly>false</hideElementsInCurrentOnly>
<backgroundColor>-16777216</backgroundColor>
<lineWidth>1</lineWidth>
<points>
<point x="137" y="484"/>
<point x="137" y="445"/>
</points>
</Connector>
</connectors>
</Diagram>