<?xml version = '1.0' encoding = 'UTF-8'?>
<Entity class="oracle.dbtools.crest.model.design.logical.Entity" directorySegmentName="seg_0" id="42F4816E-D0B6-2EBA-E44C-66C98D8E7472" name="Residente">
<createdBy>FrZxK</createdBy>
<createdTime>2025-09-02 01:20:35 UTC</createdTime>
<ownerDesignName>Vivir Mejor</ownerDesignName>
<engineerTo>
<item key="C2A22E6C-F2E1-FE6D-44C8-BDF9BD68D7D2" value="true"/>
</engineerTo>
<adequatelyNormalized>NO</adequatelyNormalized>
<expectedVolumes>0</expectedVolumes>
<fwdEngineeringStrategyName>Single Table</fwdEngineeringStrategyName>
<growthPercent>0</growthPercent>
<growthType>Year</growthType>
<maxVolumes>9999999</maxVolumes>
<minVolumes>0</minVolumes>
<normalForm>Third</normalForm>
<attributes itemClass="oracle.dbtools.crest.model.design.logical.Attribute">
<Attribute name="Id_Residente" id="38FECC32-EC77-C6F4-9BBE-1A1A1AFE802F">
<createdBy>FrZxK</createdBy>
<createdTime>2025-09-02 02:03:37 UTC</createdTime>
<ownerDesignName>Vivir Mejor</ownerDesignName>
<engineerTo>
<item key="C2A22E6C-F2E1-FE6D-44C8-BDF9BD68D7D2" value="true"/>
</engineerTo>
<useDomainConstraints>false</useDomainConstraints>
<use>1</use>
<logicalDatatype>LOGDT019</logicalDatatype>
<ownDataTypeParameters>,,</ownDataTypeParameters>
</Attribute>
<Attribute name="Autonomía" id="7DFA46CB-9E88-A822-3EFC-CF6B0621FEDC">
<createdBy>FrZxK</createdBy>
<createdTime>2025-09-02 01:20:46 UTC</createdTime>
<comment><![CDATA[Campo que indica si el residente es autónomo (S) o no (N)]]></comment>
<commentInRDBMS><![CDATA[CHECK (Autonomía IN ('S', 'N'))]]></commentInRDBMS>
<notes><![CDATA[Valores permitidos: 'S' para Sí, 'N' para No]]></notes>
<ownerDesignName>Vivir Mejor</ownerDesignName>
<engineerTo>
<item key="C2A22E6C-F2E1-FE6D-44C8-BDF9BD68D7D2" value="true"/>
</engineerTo>
<useDomainConstraints>false</useDomainConstraints>
<use>1</use>
<logicalDatatype>LOGDT024</logicalDatatype>
<dataTypeSize>1</dataTypeSize>
<ownDataTypeParameters>1,,</ownDataTypeParameters>
</Attribute>
<Attribute name="Tipo_residente" id="50469150-84E2-0AA5-B048-4D968B0E75F8">
<createdBy>FrZxK</createdBy>
<createdTime>2025-09-02 01:21:07 UTC</createdTime>
<commentInRDBMS><![CDATA[CHECK (Tipo_residente IN ('Temporal', 'Permanente'))]]></commentInRDBMS>
<ownerDesignName>Vivir Mejor</ownerDesignName>
<engineerTo>
<item key="C2A22E6C-F2E1-FE6D-44C8-BDF9BD68D7D2" value="true"/>
</engineerTo>
<useDomainConstraints>false</useDomainConstraints>
<use>1</use>
<logicalDatatype>LOGDT024</logicalDatatype>
<dataTypeSize>20</dataTypeSize>
<ownDataTypeParameters>20,,</ownDataTypeParameters>
</Attribute>
<Attribute name="Historial_clínico" id="C2E47E7A-CF4F-2CAD-224B-E13C6A937913">
<createdBy>FrZxK</createdBy>
<createdTime>2025-09-02 01:21:53 UTC</createdTime>
<ownerDesignName>Vivir Mejor</ownerDesignName>
<engineerTo>
<item key="C2A22E6C-F2E1-FE6D-44C8-BDF9BD68D7D2" value="true"/>
</engineerTo>
<nullsAllowed>true</nullsAllowed>
<useDomainConstraints>false</useDomainConstraints>
<use>1</use>
<logicalDatatype>LOGDT028</logicalDatatype>
<ownDataTypeParameters>,,</ownDataTypeParameters>
</Attribute>
<Attribute name="Días_estadia" id="2BC817A5-EE22-37E8-60F6-6F1BE205CC7E">
<createdBy>FrZxK</createdBy>
<createdTime>2025-09-02 01:24:36 UTC</createdTime>
<ownerDesignName>Vivir Mejor</ownerDesignName>
<engineerTo>
<item key="C2A22E6C-F2E1-FE6D-44C8-BDF9BD68D7D2" value="true"/>
</engineerTo>
<nullsAllowed>true</nullsAllowed>
<useDomainConstraints>false</useDomainConstraints>
<use>1</use>
<logicalDatatype>LOGDT019</logicalDatatype>
<ownDataTypeParameters>,,</ownDataTypeParameters>
</Attribute>
<Attribute name="Id_persona" id="ABFB0726-1FF1-B178-C035-C2E2BA30346D">
<createdBy>FrZxK</createdBy>
<createdTime>2025-09-02 01:49:40 UTC</createdTime>
<generatorID>CC537165-3245-D1A5-D256-145C294A38C6</generatorID>
<ownerDesignName>Vivir Mejor</ownerDesignName>
<engineerTo>
<item key="C2A22E6C-F2E1-FE6D-44C8-BDF9BD68D7D2" value="true"/>
</engineerTo>
<referedAttribute>D96ACE93-84F4-CED8-C202-3E3027451F9F</referedAttribute>
<useDomainConstraints>false</useDomainConstraints>
<use>1</use>
<logicalDatatype>LOGDT019</logicalDatatype>
<ownDataTypeParameters>,,</ownDataTypeParameters>
</Attribute>
<Attribute name="Id_anexo" id="2A07F66C-6ED8-09B5-0947-73DAE9AE33FF">
<createdBy>FrZxK</createdBy>
<createdTime>2025-09-02 03:44:16 UTC</createdTime>
<generatorID>C8472754-73C0-1117-E0B9-1C8C2114ADB3</generatorID>
<ownerDesignName>Vivir Mejor</ownerDesignName>
<engineerTo>
<item key="C2A22E6C-F2E1-FE6D-44C8-BDF9BD68D7D2" value="true"/>
</engineerTo>
<referedAttribute>38EF0990-720B-5B5E-3271-773EB7B7121F</referedAttribute>
<useDomainConstraints>false</useDomainConstraints>
<use>1</use>
<logicalDatatype>LOGDT019</logicalDatatype>
<ownDataTypeParameters>,,</ownDataTypeParameters>
</Attribute>
</attributes>
<identifiers itemClass="oracle.dbtools.crest.model.design.logical.CandidateKey">
<identifier id="455E56C0-FA55-5A0A-AA55-4996E6344911" name="Residente PK">
<createdBy>FrZxK</createdBy>
<createdTime>2025-09-02 02:04:02 UTC</createdTime>
<ownerDesignName>Vivir Mejor</ownerDesignName>
<shouldEngineer>false</shouldEngineer>
<engineerTo>
<item key="C2A22E6C-F2E1-FE6D-44C8-BDF9BD68D7D2" value="false"/>
</engineerTo>
<pk>true</pk>
<usedAttributes>
<attributeRef>38FECC32-EC77-C6F4-9BBE-1A1A1AFE802F</attributeRef>
</usedAttributes>
</identifier>
</identifiers>
</Entity>