<?xml version = '1.0' encoding = 'UTF-8'?>
<Entity class="oracle.dbtools.crest.model.design.logical.Entity" directorySegmentName="seg_0" id="4BB97D2B-7D4F-B784-79BB-8B6E091331E6" name="Cuidador">
<createdBy>FrZxK</createdBy>
<createdTime>2025-09-02 01:41:07 UTC</createdTime>
<ownerDesignName>Vivir Mejor</ownerDesignName>
<engineerTo>
<item key="C2A22E6C-F2E1-FE6D-44C8-BDF9BD68D7D2" value="true"/>
</engineerTo>
<adequatelyNormalized>NO</adequatelyNormalized>
<expectedVolumes>0</expectedVolumes>
<fwdEngineeringStrategyName>Single Table</fwdEngineeringStrategyName>
<growthPercent>0</growthPercent>
<growthType>Year</growthType>
<maxVolumes>9999999</maxVolumes>
<minVolumes>0</minVolumes>
<normalForm>Third</normalForm>
<attributes itemClass="oracle.dbtools.crest.model.design.logical.Attribute">
<Attribute name="Id_cuidador" id="69E6BC11-72D2-7CEC-0B83-9AFAD37534C7">
<createdBy>FrZxK</createdBy>
<createdTime>2025-09-02 01:41:11 UTC</createdTime>
<ownerDesignName>Vivir Mejor</ownerDesignName>
<engineerTo>
<item key="C2A22E6C-F2E1-FE6D-44C8-BDF9BD68D7D2" value="true"/>
</engineerTo>
<useDomainConstraints>false</useDomainConstraints>
<use>1</use>
<logicalDatatype>LOGDT019</logicalDatatype>
<ownDataTypeParameters>,,</ownDataTypeParameters>
</Attribute>
<Attribute name="Id_personal" id="81FACBAC-EA83-B2E8-7285-E3CC7E3C2582">
<createdBy>FrZxK</createdBy>
<createdTime>2025-09-02 01:53:16 UTC</createdTime>
<generatorID>0090DE56-3AB8-3E4C-DC2D-0694A0F0D534</generatorID>
<ownerDesignName>Vivir Mejor</ownerDesignName>
<engineerTo>
<item key="C2A22E6C-F2E1-FE6D-44C8-BDF9BD68D7D2" value="true"/>
</engineerTo>
<referedAttribute>693F8B8D-5CB5-6A07-17E6-792BA7BBA60D</referedAttribute>
<useDomainConstraints>false</useDomainConstraints>
<use>1</use>
<logicalDatatype>LOGDT019</logicalDatatype>
<ownDataTypeParameters>,,</ownDataTypeParameters>
</Attribute>
</attributes>
<identifiers itemClass="oracle.dbtools.crest.model.design.logical.CandidateKey">
<identifier id="A4C31644-BB93-7CC4-068F-0DE360A6B428" name="Cuidador PK">
<createdBy>FrZxK</createdBy>
<createdTime>2025-09-02 01:41:37 UTC</createdTime>
<ownerDesignName>Vivir Mejor</ownerDesignName>
<shouldEngineer>false</shouldEngineer>
<engineerTo>
<item key="C2A22E6C-F2E1-FE6D-44C8-BDF9BD68D7D2" value="false"/>
</engineerTo>
<pk>true</pk>
<usedAttributes>
<attributeRef>69E6BC11-72D2-7CEC-0B83-9AFAD37534C7</attributeRef>
</usedAttributes>
</identifier>
</identifiers>
</Entity>