<?xml version = '1.0' encoding = 'UTF-8'?>
<Entity class="oracle.dbtools.crest.model.design.logical.Entity" directorySegmentName="seg_0" id="54301B37-63D0-C80C-0833-61C6432968E3" name="Contrato">
<createdBy>FrZxK</createdBy>
<createdTime>2025-09-02 01:26:04 UTC</createdTime>
<ownerDesignName>Vivir Mejor</ownerDesignName>
<engineerTo>
<item key="C2A22E6C-F2E1-FE6D-44C8-BDF9BD68D7D2" value="true"/>
</engineerTo>
<adequatelyNormalized>NO</adequatelyNormalized>
<expectedVolumes>0</expectedVolumes>
<fwdEngineeringStrategyName>Single Table</fwdEngineeringStrategyName>
<growthPercent>0</growthPercent>
<growthType>Year</growthType>
<maxVolumes>9999999</maxVolumes>
<minVolumes>0</minVolumes>
<normalForm>Third</normalForm>
<attributes itemClass="oracle.dbtools.crest.model.design.logical.Attribute">
<Attribute name="Id_Contrato" id="440D8CF9-964D-C795-400C-7C7FFD7D09E1">
<createdBy>FrZxK</createdBy>
<createdTime>2025-09-02 01:26:12 UTC</createdTime>
<ownerDesignName>Vivir Mejor</ownerDesignName>
<engineerTo>
<item key="C2A22E6C-F2E1-FE6D-44C8-BDF9BD68D7D2" value="true"/>
</engineerTo>
<useDomainConstraints>false</useDomainConstraints>
<use>1</use>
<logicalDatatype>LOGDT019</logicalDatatype>
<ownDataTypeParameters>,,</ownDataTypeParameters>
</Attribute>
<Attribute name="Codigo_contrato" id="D4A91BD4-1A37-D706-7431-1DAD89995A87">
<createdBy>FrZxK</createdBy>
<createdTime>2025-09-02 01:26:58 UTC</createdTime>
<ownerDesignName>Vivir Mejor</ownerDesignName>
<engineerTo>
<item key="C2A22E6C-F2E1-FE6D-44C8-BDF9BD68D7D2" value="true"/>
</engineerTo>
<useDomainConstraints>false</useDomainConstraints>
<use>1</use>
<logicalDatatype>LOGDT024</logicalDatatype>
<dataTypeSize>20</dataTypeSize>
<ownDataTypeParameters>20,,</ownDataTypeParameters>
</Attribute>
<Attribute name="Fecha_inicio" id="2CF47AFA-EB30-B18C-396C-0BE6159388D0">
<createdBy>FrZxK</createdBy>
<createdTime>2025-09-02 01:28:08 UTC</createdTime>
<ownerDesignName>Vivir Mejor</ownerDesignName>
<engineerTo>
<item key="C2A22E6C-F2E1-FE6D-44C8-BDF9BD68D7D2" value="true"/>
</engineerTo>
<useDomainConstraints>false</useDomainConstraints>
<use>1</use>
<logicalDatatype>LOGDT007</logicalDatatype>
<ownDataTypeParameters>,,</ownDataTypeParameters>
</Attribute>
<Attribute name="Fecha_termino" id="49F18779-0A3F-1722-688E-24A899142EE1">
<createdBy>FrZxK</createdBy>
<createdTime>2025-09-02 01:28:36 UTC</createdTime>
<ownerDesignName>Vivir Mejor</ownerDesignName>
<engineerTo>
<item key="C2A22E6C-F2E1-FE6D-44C8-BDF9BD68D7D2" value="true"/>
</engineerTo>
<nullsAllowed>true</nullsAllowed>
<useDomainConstraints>false</useDomainConstraints>
<use>1</use>
<logicalDatatype>LOGDT019</logicalDatatype>
<ownDataTypeParameters>,,</ownDataTypeParameters>
</Attribute>
<Attribute name="Tipo_financiamiento" id="CC68638A-8BF1-7ECA-6C78-BBAED954AB50">
<createdBy>FrZxK</createdBy>
<createdTime>2025-09-02 01:28:48 UTC</createdTime>
<ownerDesignName>Vivir Mejor</ownerDesignName>
<engineerTo>
<item key="C2A22E6C-F2E1-FE6D-44C8-BDF9BD68D7D2" value="true"/>
</engineerTo>
<useDomainConstraints>false</useDomainConstraints>
<use>1</use>
<logicalDatatype>LOGDT024</logicalDatatype>
<dataTypeSize>50</dataTypeSize>
<ownDataTypeParameters>50,,</ownDataTypeParameters>
</Attribute>
<Attribute name="Estado" id="9FC8EC14-0D0C-C91F-2589-5148D910CA76">
<createdBy>FrZxK</createdBy>
<createdTime>2025-09-02 01:29:10 UTC</createdTime>
<ownerDesignName>Vivir Mejor</ownerDesignName>
<engineerTo>
<item key="C2A22E6C-F2E1-FE6D-44C8-BDF9BD68D7D2" value="true"/>
</engineerTo>
<useDomainConstraints>false</useDomainConstraints>
<use>1</use>
<logicalDatatype>LOGDT024</logicalDatatype>
<dataTypeSize>15</dataTypeSize>
<ownDataTypeParameters>15,,</ownDataTypeParameters>
</Attribute>
<Attribute name="Id_apoderado" id="E3FAD672-5695-DCCE-D109-5FF11591C034">
<createdBy>FrZxK</createdBy>
<createdTime>2025-09-02 01:57:33 UTC</createdTime>
<generatorID>DA28E2A6-A870-7690-965E-EB2807BAE7E7</generatorID>
<ownerDesignName>Vivir Mejor</ownerDesignName>
<engineerTo>
<item key="C2A22E6C-F2E1-FE6D-44C8-BDF9BD68D7D2" value="true"/>
</engineerTo>
<referedAttribute>CDF8D686-3929-D388-18A5-0DEF887A6BA4</referedAttribute>
<useDomainConstraints>false</useDomainConstraints>
<use>1</use>
<logicalDatatype>LOGDT019</logicalDatatype>
<ownDataTypeParameters>,,</ownDataTypeParameters>
</Attribute>
</attributes>
<identifiers itemClass="oracle.dbtools.crest.model.design.logical.CandidateKey">
<identifier id="B7269514-2C33-33A3-3B87-EA545A99DDC4" name="Contrato PK">
<createdBy>FrZxK</createdBy>
<createdTime>2025-09-02 01:26:55 UTC</createdTime>
<ownerDesignName>Vivir Mejor</ownerDesignName>
<shouldEngineer>false</shouldEngineer>
<engineerTo>
<item key="C2A22E6C-F2E1-FE6D-44C8-BDF9BD68D7D2" value="false"/>
</engineerTo>
<pk>true</pk>
<usedAttributes>
<attributeRef>440D8CF9-964D-C795-400C-7C7FFD7D09E1</attributeRef>
</usedAttributes>
</identifier>
</identifiers>
</Entity>