<?xml version = '1.0' encoding = 'UTF-8'?>
<Entity class="oracle.dbtools.crest.model.design.logical.Entity" directorySegmentName="seg_0" id="DC060CD9-F657-67BC-95B0-31ACE98C1126" name="Médico">
<createdBy>FrZxK</createdBy>
<createdTime>2025-09-02 01:37:35 UTC</createdTime>
<ownerDesignName>Vivir Mejor</ownerDesignName>
<engineerTo>
<item key="C2A22E6C-F2E1-FE6D-44C8-BDF9BD68D7D2" value="true"/>
</engineerTo>
<adequatelyNormalized>NO</adequatelyNormalized>
<expectedVolumes>0</expectedVolumes>
<fwdEngineeringStrategyName>Single Table</fwdEngineeringStrategyName>
<growthPercent>0</growthPercent>
<growthType>Year</growthType>
<maxVolumes>9999999</maxVolumes>
<minVolumes>0</minVolumes>
<normalForm>Third</normalForm>
<attributes itemClass="oracle.dbtools.crest.model.design.logical.Attribute">
<Attribute name="Id_Médico" id="D797E281-6DEA-C489-6319-4B7DB19D05F0">
<createdBy>FrZxK</createdBy>
<createdTime>2025-09-02 01:37:54 UTC</createdTime>
<ownerDesignName>Vivir Mejor</ownerDesignName>
<engineerTo>
<item key="C2A22E6C-F2E1-FE6D-44C8-BDF9BD68D7D2" value="true"/>
</engineerTo>
<useDomainConstraints>false</useDomainConstraints>
<use>1</use>
<logicalDatatype>LOGDT019</logicalDatatype>
<ownDataTypeParameters>,,</ownDataTypeParameters>
</Attribute>
<Attribute name="Especialidad" id="0F0B1907-EF9A-1688-98CD-3830E2169C3C">
<createdBy>FrZxK</createdBy>
<createdTime>2025-09-02 01:40:01 UTC</createdTime>
<ownerDesignName>Vivir Mejor</ownerDesignName>
<engineerTo>
<item key="C2A22E6C-F2E1-FE6D-44C8-BDF9BD68D7D2" value="true"/>
</engineerTo>
<useDomainConstraints>false</useDomainConstraints>
<use>1</use>
<logicalDatatype>LOGDT024</logicalDatatype>
<dataTypeSize>100</dataTypeSize>
<ownDataTypeParameters>100,,</ownDataTypeParameters>
</Attribute>
<Attribute name="Id_médico_supervisor" id="991367BD-98F6-AC14-E259-6ACEC5F08D4A">
<createdBy>FrZxK</createdBy>
<createdTime>2025-09-02 01:40:19 UTC</createdTime>
<ownerDesignName>Vivir Mejor</ownerDesignName>
<engineerTo>
<item key="C2A22E6C-F2E1-FE6D-44C8-BDF9BD68D7D2" value="true"/>
</engineerTo>
<nullsAllowed>true</nullsAllowed>
<useDomainConstraints>false</useDomainConstraints>
<use>1</use>
<logicalDatatype>LOGDT019</logicalDatatype>
<ownDataTypeParameters>,,</ownDataTypeParameters>
</Attribute>
<Attribute name="Id_personal" id="18A2F34E-ED93-A16B-E229-5F30629FD9FA">
<createdBy>FrZxK</createdBy>
<createdTime>2025-09-02 01:53:33 UTC</createdTime>
<generatorID>F6CD73D9-2B2E-0B8C-7C76-102F3095C4DD</generatorID>
<ownerDesignName>Vivir Mejor</ownerDesignName>
<engineerTo>
<item key="C2A22E6C-F2E1-FE6D-44C8-BDF9BD68D7D2" value="true"/>
</engineerTo>
<referedAttribute>693F8B8D-5CB5-6A07-17E6-792BA7BBA60D</referedAttribute>
<useDomainConstraints>false</useDomainConstraints>
<use>1</use>
<logicalDatatype>LOGDT019</logicalDatatype>
<ownDataTypeParameters>,,</ownDataTypeParameters>
</Attribute>
</attributes>
<identifiers itemClass="oracle.dbtools.crest.model.design.logical.CandidateKey">
<identifier id="B3E75993-1E2F-AE6E-86D4-82CC3F1F0E7D" name="Médico PK">
<createdBy>FrZxK</createdBy>
<createdTime>2025-09-02 01:39:56 UTC</createdTime>
<ownerDesignName>Vivir Mejor</ownerDesignName>
<shouldEngineer>false</shouldEngineer>
<engineerTo>
<item key="C2A22E6C-F2E1-FE6D-44C8-BDF9BD68D7D2" value="false"/>
</engineerTo>
<pk>true</pk>
<usedAttributes>
<attributeRef>D797E281-6DEA-C489-6319-4B7DB19D05F0</attributeRef>
</usedAttributes>
</identifier>
</identifiers>
</Entity>