<?xml version = '1.0' encoding = 'UTF-8'?>
<Entity class="oracle.dbtools.crest.model.design.logical.Entity" directorySegmentName="seg_0" id="F20F71F4-7B94-1356-F043-66E109E8D64F" name="Asignación Habitación">
<createdBy>FrZxK</createdBy>
<createdTime>2025-09-02 01:32:14 UTC</createdTime>
<ownerDesignName>Vivir Mejor</ownerDesignName>
<engineerTo>
<item key="C2A22E6C-F2E1-FE6D-44C8-BDF9BD68D7D2" value="true"/>
</engineerTo>
<adequatelyNormalized>NO</adequatelyNormalized>
<expectedVolumes>0</expectedVolumes>
<fwdEngineeringStrategyName>Single Table</fwdEngineeringStrategyName>
<growthPercent>0</growthPercent>
<growthType>Year</growthType>
<maxVolumes>9999999</maxVolumes>
<minVolumes>0</minVolumes>
<normalForm>Third</normalForm>
<attributes itemClass="oracle.dbtools.crest.model.design.logical.Attribute">
<Attribute name="Id_asignación" id="952BE429-5049-29C2-5DB6-EAEF0645B531">
<createdBy>FrZxK</createdBy>
<createdTime>2025-09-02 01:32:35 UTC</createdTime>
<ownerDesignName>Vivir Mejor</ownerDesignName>
<engineerTo>
<item key="C2A22E6C-F2E1-FE6D-44C8-BDF9BD68D7D2" value="true"/>
</engineerTo>
<useDomainConstraints>false</useDomainConstraints>
<use>1</use>
<logicalDatatype>LOGDT019</logicalDatatype>
<ownDataTypeParameters>,,</ownDataTypeParameters>
</Attribute>
<Attribute name="Fecha_asignación" id="5480DD66-3A3C-173A-3557-8AC414C74789">
<createdBy>FrZxK</createdBy>
<createdTime>2025-09-02 01:33:00 UTC</createdTime>
<ownerDesignName>Vivir Mejor</ownerDesignName>
<engineerTo>
<item key="C2A22E6C-F2E1-FE6D-44C8-BDF9BD68D7D2" value="true"/>
</engineerTo>
<useDomainConstraints>false</useDomainConstraints>
<use>1</use>
<logicalDatatype>LOGDT007</logicalDatatype>
<ownDataTypeParameters>,,</ownDataTypeParameters>
</Attribute>
<Attribute name="Fecha_liberación" id="CC6866CD-7830-CF1C-A96F-CD6DE12EE97F">
<createdBy>FrZxK</createdBy>
<createdTime>2025-09-02 01:33:19 UTC</createdTime>
<ownerDesignName>Vivir Mejor</ownerDesignName>
<engineerTo>
<item key="C2A22E6C-F2E1-FE6D-44C8-BDF9BD68D7D2" value="true"/>
</engineerTo>
<nullsAllowed>true</nullsAllowed>
<useDomainConstraints>false</useDomainConstraints>
<use>1</use>
<logicalDatatype>LOGDT007</logicalDatatype>
<ownDataTypeParameters>,,</ownDataTypeParameters>
</Attribute>
<Attribute name="Estado" id="FBCBD690-4D1F-1576-ACA4-67F3CDAACD34">
<createdBy>FrZxK</createdBy>
<createdTime>2025-09-02 01:33:45 UTC</createdTime>
<ownerDesignName>Vivir Mejor</ownerDesignName>
<engineerTo>
<item key="C2A22E6C-F2E1-FE6D-44C8-BDF9BD68D7D2" value="true"/>
</engineerTo>
<useDomainConstraints>false</useDomainConstraints>
<use>1</use>
<logicalDatatype>LOGDT024</logicalDatatype>
<dataTypeSize>15</dataTypeSize>
<ownDataTypeParameters>15,,</ownDataTypeParameters>
</Attribute>
<Attribute name="Id_Residente" id="764D0B85-5579-9AEE-AD1A-6DD3B5B8E667">
<createdBy>FrZxK</createdBy>
<createdTime>2025-09-02 02:04:03 UTC</createdTime>
<generatorID>D92CE6F9-22E2-D6C1-CFF8-6D52B0C59920</generatorID>
<ownerDesignName>Vivir Mejor</ownerDesignName>
<engineerTo>
<item key="C2A22E6C-F2E1-FE6D-44C8-BDF9BD68D7D2" value="true"/>
</engineerTo>
<referedAttribute>38FECC32-EC77-C6F4-9BBE-1A1A1AFE802F</referedAttribute>
<useDomainConstraints>false</useDomainConstraints>
<use>1</use>
<logicalDatatype>LOGDT019</logicalDatatype>
<ownDataTypeParameters>,,</ownDataTypeParameters>
</Attribute>
<Attribute name="Id_habitación" id="D2751806-CBEF-BE40-4303-A232AA025FA2">
<createdBy>FrZxK</createdBy>
<createdTime>2025-09-02 02:11:32 UTC</createdTime>
<generatorID>DFC36D53-12DA-D081-7B72-7ADBF2739792</generatorID>
<ownerDesignName>Vivir Mejor</ownerDesignName>
<engineerTo>
<item key="C2A22E6C-F2E1-FE6D-44C8-BDF9BD68D7D2" value="true"/>
</engineerTo>
<referedAttribute>B73CE8A0-5FEE-8C33-8C6B-B6D1F0A3161A</referedAttribute>
<useDomainConstraints>false</useDomainConstraints>
<use>1</use>
<logicalDatatype>LOGDT019</logicalDatatype>
<ownDataTypeParameters>,,</ownDataTypeParameters>
</Attribute>
</attributes>
<identifiers itemClass="oracle.dbtools.crest.model.design.logical.CandidateKey">
<identifier id="FE54BF3F-C4E3-8D0B-1912-088207916AF7" name="Asignación Habitación PK">
<createdBy>FrZxK</createdBy>
<createdTime>2025-09-02 01:32:58 UTC</createdTime>
<ownerDesignName>Vivir Mejor</ownerDesignName>
<shouldEngineer>false</shouldEngineer>
<engineerTo>
<item key="C2A22E6C-F2E1-FE6D-44C8-BDF9BD68D7D2" value="false"/>
</engineerTo>
<pk>true</pk>
<usedAttributes>
<attributeRef>952BE429-5049-29C2-5DB6-EAEF0645B531</attributeRef>
</usedAttributes>
</identifier>
</identifiers>
</Entity>