<?xml version = '1.0' encoding = 'UTF-8'?>
<FKIndexAssociation class="oracle.dbtools.crest.model.design.relational.FKIndexAssociation" directorySegmentName="seg_0" id="2DD57ADD-642A-10F8-8E88-666BE7ADB340" containerWithKeyObject="1E8AE117-4D50-8D95-9764-A37B88949C46" localFKIndex="AAA0C418-3064-EB62-1D7C-B729F520A381" name="Residente_Anexo_FK">
<createdBy>FrZxK</createdBy>
<createdTime>2025-09-02 02:04:52 UTC</createdTime>
<generatorID>BC3D3BEF-E0D9-B108-65F2-35EB26DF5E16</generatorID>
<ownerDesignName>Vivir Mejor</ownerDesignName>
<referredTableLongName>Anexo</referredTableLongName>
<deleteRule>NO ACTION</deleteRule>
<referredTableID>B7C3B1C3-76FD-31AE-2930-7C9ABA77BC5B</referredTableID>
<keyObject>6335F5DE-74BC-6B14-7AA7-5A248742B030</keyObject>
<referredKeyID>6335F5DE-74BC-6B14-7AA7-5A248742B030</referredKeyID>
<mandatory>true</mandatory>
<refColNames>Id_anexo</refColNames>
<transferable>true</transferable>
<rely>false</rely>
<columnDependencyConstraintGenerateInDDL>true</columnDependencyConstraintGenerateInDDL>
</FKIndexAssociation>