<?xml version = '1.0' encoding = 'UTF-8'?>
<FKIndexAssociation class="oracle.dbtools.crest.model.design.relational.FKIndexAssociation" directorySegmentName="seg_0" id="2EA399CD-6694-1025-7142-FEB2F0850137" containerWithKeyObject="1E8AE117-4D50-8D95-9764-A37B88949C46" localFKIndex="08B7DA4D-A6EC-9BCA-CDC5-EBCADD854C19" name="Residente_Persona_FK">
<createdBy>FrZxK</createdBy>
<createdTime>2025-09-02 02:04:52 UTC</createdTime>
<generatorID>CC537165-3245-D1A5-D256-145C294A38C6</generatorID>
<ownerDesignName>Vivir Mejor</ownerDesignName>
<referredTableLongName>Persona</referredTableLongName>
<deleteRule>NO ACTION</deleteRule>
<referredTableID>E90CAC71-F74C-DC37-D44F-A308A04EF99A</referredTableID>
<keyObject>49295E72-DAF4-6C46-3EFC-9C686E1EB3FA</keyObject>
<referredKeyID>49295E72-DAF4-6C46-3EFC-9C686E1EB3FA</referredKeyID>
<mandatory>true</mandatory>
<refColNames>Id_persona</refColNames>
<transferable>true</transferable>
<rely>false</rely>
<columnDependencyConstraintGenerateInDDL>true</columnDependencyConstraintGenerateInDDL>
</FKIndexAssociation>