<?xml version = '1.0' encoding = 'UTF-8'?>
<FKIndexAssociation class="oracle.dbtools.crest.model.design.relational.FKIndexAssociation" directorySegmentName="seg_0" id="3F0205E3-252B-552B-80E5-8EBD5293265D" containerWithKeyObject="E7F93FAD-C986-4EDC-50F0-BB9D6FF5E15F" localFKIndex="FA78B2F9-3750-525D-3700-AAD1D554A8A2" name="Asignación_Habitación_Residente_FK">
<createdBy>FrZxK</createdBy>
<createdTime>2025-09-02 02:04:52 UTC</createdTime>
<generatorID>D92CE6F9-22E2-D6C1-CFF8-6D52B0C59920</generatorID>
<ownerDesignName>Vivir Mejor</ownerDesignName>
<referredTableLongName>Residente</referredTableLongName>
<deleteRule>NO ACTION</deleteRule>
<referredTableID>1E8AE117-4D50-8D95-9764-A37B88949C46</referredTableID>
<keyObject>285FFE05-DD8F-5C2F-E0D7-3934AD271B3F</keyObject>
<referredKeyID>285FFE05-DD8F-5C2F-E0D7-3934AD271B3F</referredKeyID>
<mandatory>true</mandatory>
<refColNames>Id_Residente</refColNames>
<transferable>true</transferable>
<rely>false</rely>
<columnDependencyConstraintGenerateInDDL>true</columnDependencyConstraintGenerateInDDL>
</FKIndexAssociation>