<?xml version = '1.0' encoding = 'UTF-8'?>
<FKIndexAssociation class="oracle.dbtools.crest.model.design.relational.FKIndexAssociation" directorySegmentName="seg_0" id="41861377-E260-4EB9-5706-EFA31D3719F6" containerWithKeyObject="E7F93FAD-C986-4EDC-50F0-BB9D6FF5E15F" localFKIndex="743F71E3-7D61-AD31-C5C1-3BA100A7D31D" name="Asignación_Habitación_Habitación_FK">
<createdBy>FrZxK</createdBy>
<createdTime>2025-09-02 02:18:45 UTC</createdTime>
<generatorID>DFC36D53-12DA-D081-7B72-7ADBF2739792</generatorID>
<ownerDesignName>Vivir Mejor</ownerDesignName>
<referredTableLongName>Habitación</referredTableLongName>
<deleteRule>NO ACTION</deleteRule>
<referredTableID>CF4AF4B4-7382-76A8-F4AB-2B435DD88749</referredTableID>
<keyObject>BDCF4BB0-C379-90CD-68EE-223C3BC95DF4</keyObject>
<referredKeyID>BDCF4BB0-C379-90CD-68EE-223C3BC95DF4</referredKeyID>
<mandatory>true</mandatory>
<refColNames>Id_habitación</refColNames>
<transferable>true</transferable>
<rely>false</rely>
<columnDependencyConstraintGenerateInDDL>true</columnDependencyConstraintGenerateInDDL>
</FKIndexAssociation>