<?xml version = '1.0' encoding = 'UTF-8'?>
<FKIndexAssociation class="oracle.dbtools.crest.model.design.relational.FKIndexAssociation" directorySegmentName="seg_0" id="5B6A8F28-ECC9-BC07-13A1-C02C3286004D" containerWithKeyObject="B7C3B1C3-76FD-31AE-2930-7C9ABA77BC5B" localFKIndex="C5821FD7-0930-754B-5FEC-0E7B225D35CD" name="Anexo_Contrato_FK">
<createdBy>FrZxK</createdBy>
<createdTime>2025-09-02 02:04:52 UTC</createdTime>
<generatorID>9DCCC2D9-A809-FC6D-19DD-32E6C787310C</generatorID>
<ownerDesignName>Vivir Mejor</ownerDesignName>
<referredTableLongName>Contrato</referredTableLongName>
<deleteRule>NO ACTION</deleteRule>
<referredTableID>E989CD05-3637-98DD-B064-A55A1AE36CDD</referredTableID>
<keyObject>C73A7C75-C982-883C-D8D7-566EBFCD5763</keyObject>
<referredKeyID>C73A7C75-C982-883C-D8D7-566EBFCD5763</referredKeyID>
<mandatory>true</mandatory>
<refColNames>Id_Contrato</refColNames>
<transferable>true</transferable>
<rely>false</rely>
<columnDependencyConstraintGenerateInDDL>true</columnDependencyConstraintGenerateInDDL>
</FKIndexAssociation>