<?xml version = '1.0' encoding = 'UTF-8'?>
<FKIndexAssociation class="oracle.dbtools.crest.model.design.relational.FKIndexAssociation" directorySegmentName="seg_0" id="603152DA-3B35-68BC-08ED-6FCDA542E133" containerWithKeyObject="E989CD05-3637-98DD-B064-A55A1AE36CDD" localFKIndex="C92DED47-89D4-502B-A9EB-049FBE69EF8F" name="Contrato_Apoderado_FK">
<createdBy>FrZxK</createdBy>
<createdTime>2025-09-02 02:04:52 UTC</createdTime>
<generatorID>DA28E2A6-A870-7690-965E-EB2807BAE7E7</generatorID>
<ownerDesignName>Vivir Mejor</ownerDesignName>
<referredTableLongName>Apoderado</referredTableLongName>
<deleteRule>NO ACTION</deleteRule>
<referredTableID>1310D956-E0B7-C5DF-8736-1FEAAE3311F5</referredTableID>
<keyObject>8592B770-B330-6853-58BF-14CF0CDA216F</keyObject>
<referredKeyID>8592B770-B330-6853-58BF-14CF0CDA216F</referredKeyID>
<mandatory>true</mandatory>
<refColNames>Id_apoderado</refColNames>
<transferable>true</transferable>
<rely>false</rely>
<columnDependencyConstraintGenerateInDDL>true</columnDependencyConstraintGenerateInDDL>
</FKIndexAssociation>