<?xml version = '1.0' encoding = 'UTF-8'?>
<FKIndexAssociation class="oracle.dbtools.crest.model.design.relational.FKIndexAssociation" directorySegmentName="seg_0" id="63D15B5D-641B-2EB7-FDE2-31F89EC2B5DF" containerWithKeyObject="1310D956-E0B7-C5DF-8736-1FEAAE3311F5" localFKIndex="43CA1C3D-ACFB-EE86-42A8-990F16B1CDA2" name="Apoderado_Persona_FK">
<createdBy>FrZxK</createdBy>
<createdTime>2025-09-02 02:04:52 UTC</createdTime>
<generatorID>D6E734DD-82D8-A33A-C95E-B7CE7EED3F46</generatorID>
<ownerDesignName>Vivir Mejor</ownerDesignName>
<referredTableLongName>Persona</referredTableLongName>
<deleteRule>NO ACTION</deleteRule>
<referredTableID>E90CAC71-F74C-DC37-D44F-A308A04EF99A</referredTableID>
<keyObject>49295E72-DAF4-6C46-3EFC-9C686E1EB3FA</keyObject>
<referredKeyID>49295E72-DAF4-6C46-3EFC-9C686E1EB3FA</referredKeyID>
<mandatory>true</mandatory>
<refColNames>Id_persona</refColNames>
<transferable>true</transferable>
<rely>false</rely>
<columnDependencyConstraintGenerateInDDL>true</columnDependencyConstraintGenerateInDDL>
</FKIndexAssociation>