<?xml version = '1.0' encoding = 'UTF-8'?>
<FKIndexAssociation class="oracle.dbtools.crest.model.design.relational.FKIndexAssociation" directorySegmentName="seg_0" id="AC6B0A91-2833-DEE1-4400-E32AEFEC161B" containerWithKeyObject="00B939D9-D93B-3DDE-A7AE-ABDCE9EABB34" localFKIndex="8DDBB3B9-1057-0A9F-31D7-806B4DA0A30C" name="Cuidador_Personal_FK">
<createdBy>FrZxK</createdBy>
<createdTime>2025-09-02 02:04:52 UTC</createdTime>
<generatorID>0090DE56-3AB8-3E4C-DC2D-0694A0F0D534</generatorID>
<ownerDesignName>Vivir Mejor</ownerDesignName>
<referredTableLongName>Personal</referredTableLongName>
<deleteRule>NO ACTION</deleteRule>
<referredTableID>EF2402CD-07F2-AD07-D4D8-065F138CC392</referredTableID>
<keyObject>F7FB43D8-3568-BD43-6ED2-C5C34113F3AC</keyObject>
<referredKeyID>F7FB43D8-3568-BD43-6ED2-C5C34113F3AC</referredKeyID>
<mandatory>true</mandatory>
<refColNames>Id_personal</refColNames>
<transferable>true</transferable>
<rely>false</rely>
<columnDependencyConstraintGenerateInDDL>true</columnDependencyConstraintGenerateInDDL>
</FKIndexAssociation>