<?xml version = '1.0' encoding = 'UTF-8'?>
<FKIndexAssociation class="oracle.dbtools.crest.model.design.relational.FKIndexAssociation" directorySegmentName="seg_0" id="AD2E9885-FFE3-4A80-D004-FCEE9145ACCF" containerWithKeyObject="CF4AF4B4-7382-76A8-F4AB-2B435DD88749" localFKIndex="9E0EA196-4441-034C-2BD5-6E886F35418E" name="Habitación_Residencia_FK">
<createdBy>FrZxK</createdBy>
<createdTime>2025-09-02 02:04:52 UTC</createdTime>
<generatorID>96CEFFB6-A013-2BE6-221E-FC32F617330E</generatorID>
<ownerDesignName>Vivir Mejor</ownerDesignName>
<referredTableLongName>Residencia</referredTableLongName>
<deleteRule>NO ACTION</deleteRule>
<referredTableID>8952DCEA-8453-EC71-128E-59C3DB980329</referredTableID>
<keyObject>9E8FD93F-A41D-9205-D50E-49FB7F2EE0D5</keyObject>
<referredKeyID>9E8FD93F-A41D-9205-D50E-49FB7F2EE0D5</referredKeyID>
<mandatory>true</mandatory>
<refColNames>Id_residencia</refColNames>
<transferable>true</transferable>
<rely>false</rely>
<columnDependencyConstraintGenerateInDDL>true</columnDependencyConstraintGenerateInDDL>
</FKIndexAssociation>