<?xml version = '1.0' encoding = 'UTF-8'?>
<FKIndexAssociation class="oracle.dbtools.crest.model.design.relational.FKIndexAssociation" directorySegmentName="seg_0" id="CCC9B50F-0A78-41F9-ECF4-A98FC1F26816" containerWithKeyObject="F268C67E-F476-47F9-ED75-DCAED0DE5A38" localFKIndex="741D5639-07C2-F9C7-5FEE-31139A525120" name="Médico_Personal_FK">
<createdBy>FrZxK</createdBy>
<createdTime>2025-09-02 02:04:52 UTC</createdTime>
<generatorID>F6CD73D9-2B2E-0B8C-7C76-102F3095C4DD</generatorID>
<ownerDesignName>Vivir Mejor</ownerDesignName>
<referredTableLongName>Personal</referredTableLongName>
<deleteRule>NO ACTION</deleteRule>
<referredTableID>EF2402CD-07F2-AD07-D4D8-065F138CC392</referredTableID>
<keyObject>F7FB43D8-3568-BD43-6ED2-C5C34113F3AC</keyObject>
<referredKeyID>F7FB43D8-3568-BD43-6ED2-C5C34113F3AC</referredKeyID>
<mandatory>true</mandatory>
<refColNames>Id_personal</refColNames>
<transferable>true</transferable>
<rely>false</rely>
<columnDependencyConstraintGenerateInDDL>true</columnDependencyConstraintGenerateInDDL>
</FKIndexAssociation>