<?xml version = '1.0' encoding = 'UTF-8'?>
<FKIndexAssociation class="oracle.dbtools.crest.model.design.relational.FKIndexAssociation" directorySegmentName="seg_0" id="CDB662E8-9A7B-3DFA-C573-DA4EE28F8573" containerWithKeyObject="1E8AE117-4D50-8D95-9764-A37B88949C46" localFKIndex="C19890BD-69C7-3F90-5980-55359C156169" name="Residente_Anexo_FKv2">
<createdBy>FrZxK</createdBy>
<createdTime>2025-09-02 03:45:52 UTC</createdTime>
<generatorID>C8472754-73C0-1117-E0B9-1C8C2114ADB3</generatorID>
<ownerDesignName>Vivir Mejor</ownerDesignName>
<referredTableLongName>Anexo</referredTableLongName>
<deleteRule>NO ACTION</deleteRule>
<referredTableID>B7C3B1C3-76FD-31AE-2930-7C9ABA77BC5B</referredTableID>
<keyObject>6335F5DE-74BC-6B14-7AA7-5A248742B030</keyObject>
<referredKeyID>6335F5DE-74BC-6B14-7AA7-5A248742B030</referredKeyID>
<mandatory>true</mandatory>
<refColNames>Id_anexo</refColNames>
<transferable>true</transferable>
<rely>false</rely>
<columnDependencyConstraintGenerateInDDL>true</columnDependencyConstraintGenerateInDDL>
</FKIndexAssociation>