<?xml version = '1.0' encoding = 'UTF-8'?>
<FKIndexAssociation class="oracle.dbtools.crest.model.design.relational.FKIndexAssociation" directorySegmentName="seg_0" id="CF710CC9-3C6E-B1F7-A31A-60972B9EE58F" containerWithKeyObject="EF2402CD-07F2-AD07-D4D8-065F138CC392" localFKIndex="47A4A70B-EB45-EF16-BC99-EE14001FC318" name="Personal_Residencia_FK">
<createdBy>FrZxK</createdBy>
<createdTime>2025-09-02 02:04:52 UTC</createdTime>
<generatorID>38B0A95C-42DC-73D9-DE67-B14897829740</generatorID>
<ownerDesignName>Vivir Mejor</ownerDesignName>
<referredTableLongName>Residencia</referredTableLongName>
<deleteRule>NO ACTION</deleteRule>
<referredTableID>8952DCEA-8453-EC71-128E-59C3DB980329</referredTableID>
<keyObject>9E8FD93F-A41D-9205-D50E-49FB7F2EE0D5</keyObject>
<referredKeyID>9E8FD93F-A41D-9205-D50E-49FB7F2EE0D5</referredKeyID>
<mandatory>true</mandatory>
<refColNames>Id_residencia</refColNames>
<transferable>true</transferable>
<rely>false</rely>
<columnDependencyConstraintGenerateInDDL>true</columnDependencyConstraintGenerateInDDL>
</FKIndexAssociation>