<?xml version = '1.0' encoding = 'UTF-8'?>
<Entity class="oracle.dbtools.crest.model.design.logical.Entity" directorySegmentName="seg_0" id="25B03D2A-AA26-9DF5-3266-9453655878A0" name="SALUD">
<createdBy>FrZxK</createdBy>
<createdTime>2025-09-16 00:10:10 UTC</createdTime>
<ownerDesignName>Centro Médico Universitario San Rafael</ownerDesignName>
<engineerTo>
<item key="3B004C39-EBF7-0E4A-4CAF-9A405DC9B88B" value="true"/>
</engineerTo>
<adequatelyNormalized>NO</adequatelyNormalized>
<expectedVolumes>0</expectedVolumes>
<fwdEngineeringStrategyName>Single Table</fwdEngineeringStrategyName>
<growthPercent>0</growthPercent>
<growthType>Year</growthType>
<maxVolumes>9999999</maxVolumes>
<minVolumes>0</minVolumes>
<normalForm>Third</normalForm>
<attributes itemClass="oracle.dbtools.crest.model.design.logical.Attribute">
<Attribute name="id salud" id="58A19483-B181-CE0E-0794-FD85F53BD326">
<createdBy>FrZxK</createdBy>
<createdTime>2025-09-16 00:26:12 UTC</createdTime>
<ownerDesignName>Centro Médico Universitario San Rafael</ownerDesignName>
<engineerTo>
<item key="3B004C39-EBF7-0E4A-4CAF-9A405DC9B88B" value="true"/>
</engineerTo>
<useDomainConstraints>false</useDomainConstraints>
<use>1</use>
<logicalDatatype>LOGDT019</logicalDatatype>
<dataTypePrecision>2</dataTypePrecision>
<ownDataTypeParameters>,2,</ownDataTypeParameters>
</Attribute>
<Attribute name="codigo salud" id="ED3077A1-C3F7-A655-91FC-30B09B6A9E51">
<createdBy>FrZxK</createdBy>
<createdTime>2025-09-16 00:26:29 UTC</createdTime>
<ownerDesignName>Centro Médico Universitario San Rafael</ownerDesignName>
<engineerTo>
<item key="3B004C39-EBF7-0E4A-4CAF-9A405DC9B88B" value="true"/>
</engineerTo>
<useDomainConstraints>false</useDomainConstraints>
<use>1</use>
<logicalDatatype>LOGDT024</logicalDatatype>
<dataTypeSize>10</dataTypeSize>
<ownDataTypeParameters>10,,</ownDataTypeParameters>
</Attribute>
<Attribute name="nombre salud" id="0D35E743-9012-3BDA-E078-1DD2BCBB8944">
<createdBy>FrZxK</createdBy>
<createdTime>2025-09-16 00:26:51 UTC</createdTime>
<comment><![CDATA[Fonasa, Isapre, etc.]]></comment>
<ownerDesignName>Centro Médico Universitario San Rafael</ownerDesignName>
<engineerTo>
<item key="3B004C39-EBF7-0E4A-4CAF-9A405DC9B88B" value="true"/>
</engineerTo>
<useDomainConstraints>false</useDomainConstraints>
<use>1</use>
<logicalDatatype>LOGDT024</logicalDatatype>
<dataTypeSize>50</dataTypeSize>
<ownDataTypeParameters>50,,</ownDataTypeParameters>
</Attribute>
<Attribute name="tipo salud" id="9E593D4E-CC32-77D9-D537-DECA580AFBD7">
<createdBy>FrZxK</createdBy>
<createdTime>2025-09-16 00:27:32 UTC</createdTime>
<commentInRDBMS><![CDATA[CHECK (tipo_salud IN ('FONASA','ISAPRE')),]]></commentInRDBMS>
<ownerDesignName>Centro Médico Universitario San Rafael</ownerDesignName>
<engineerTo>
<item key="3B004C39-EBF7-0E4A-4CAF-9A405DC9B88B" value="true"/>
</engineerTo>
<useDomainConstraints>false</useDomainConstraints>
<use>1</use>
<logicalDatatype>LOGDT024</logicalDatatype>
<dataTypeSize>20</dataTypeSize>
<ownDataTypeParameters>20,,</ownDataTypeParameters>
</Attribute>
</attributes>
<identifiers itemClass="oracle.dbtools.crest.model.design.logical.CandidateKey">
<identifier id="6BF7907F-3B90-3B00-B866-5AA7CB599251" name="SALUD PK">
<createdBy>FrZxK</createdBy>
<createdTime>2025-09-16 00:26:24 UTC</createdTime>
<ownerDesignName>Centro Médico Universitario San Rafael</ownerDesignName>
<shouldEngineer>false</shouldEngineer>
<engineerTo>
<item key="3B004C39-EBF7-0E4A-4CAF-9A405DC9B88B" value="false"/>
</engineerTo>
<pk>true</pk>
<usedAttributes>
<attributeRef>58A19483-B181-CE0E-0794-FD85F53BD326</attributeRef>
</usedAttributes>
</identifier>
</identifiers>
</Entity>