<?xml version = '1.0' encoding = 'UTF-8'?>
<Entity class="oracle.dbtools.crest.model.design.logical.Entity" directorySegmentName="seg_0" id="2A9158A6-2847-CC91-A4D9-AF1198E30D2B" name="RESULTADO EXAMEN">
<createdBy>FrZxK</createdBy>
<createdTime>2025-09-16 00:54:21 UTC</createdTime>
<ownerDesignName>Centro Médico Universitario San Rafael</ownerDesignName>
<engineerTo>
<item key="3B004C39-EBF7-0E4A-4CAF-9A405DC9B88B" value="true"/>
</engineerTo>
<adequatelyNormalized>NO</adequatelyNormalized>
<expectedVolumes>0</expectedVolumes>
<fwdEngineeringStrategyName>Single Table</fwdEngineeringStrategyName>
<growthPercent>0</growthPercent>
<growthType>Year</growthType>
<maxVolumes>9999999</maxVolumes>
<minVolumes>0</minVolumes>
<normalForm>Third</normalForm>
<attributes itemClass="oracle.dbtools.crest.model.design.logical.Attribute">
<Attribute name="id resultado" id="A8F635E1-1B10-2771-ECFD-CB8B5E27D727">
<createdBy>FrZxK</createdBy>
<createdTime>2025-09-16 00:54:33 UTC</createdTime>
<ownerDesignName>Centro Médico Universitario San Rafael</ownerDesignName>
<engineerTo>
<item key="3B004C39-EBF7-0E4A-4CAF-9A405DC9B88B" value="true"/>
</engineerTo>
<useDomainConstraints>false</useDomainConstraints>
<use>1</use>
<logicalDatatype>LOGDT019</logicalDatatype>
<dataTypePrecision>15</dataTypePrecision>
<ownDataTypeParameters>,15,</ownDataTypeParameters>
</Attribute>
<Attribute name="fecha resultado" id="228F214E-8B47-969A-714A-25524CE05B45">
<createdBy>FrZxK</createdBy>
<createdTime>2025-09-16 00:55:04 UTC</createdTime>
<ownerDesignName>Centro Médico Universitario San Rafael</ownerDesignName>
<engineerTo>
<item key="3B004C39-EBF7-0E4A-4CAF-9A405DC9B88B" value="true"/>
</engineerTo>
<useDomainConstraints>false</useDomainConstraints>
<use>1</use>
<logicalDatatype>LOGDT007</logicalDatatype>
<ownDataTypeParameters>,,</ownDataTypeParameters>
</Attribute>
<Attribute name="resultado CLOB" id="D0A62D44-1403-DC77-20F9-629BE7E21CD8">
<createdBy>FrZxK</createdBy>
<createdTime>2025-09-16 00:57:10 UTC</createdTime>
<ownerDesignName>Centro Médico Universitario San Rafael</ownerDesignName>
<engineerTo>
<item key="3B004C39-EBF7-0E4A-4CAF-9A405DC9B88B" value="true"/>
</engineerTo>
<use>0</use>
<ownDataTypeParameters>,,</ownDataTypeParameters>
</Attribute>
<Attribute name="valores referencia" id="F813E7C7-A11E-8739-D63C-62519A67752A">
<createdBy>FrZxK</createdBy>
<createdTime>2025-09-16 00:59:14 UTC</createdTime>
<ownerDesignName>Centro Médico Universitario San Rafael</ownerDesignName>
<engineerTo>
<item key="3B004C39-EBF7-0E4A-4CAF-9A405DC9B88B" value="true"/>
</engineerTo>
<nullsAllowed>true</nullsAllowed>
<useDomainConstraints>false</useDomainConstraints>
<use>1</use>
<logicalDatatype>LOGDT024</logicalDatatype>
<dataTypeSize>200</dataTypeSize>
<ownDataTypeParameters>200,,</ownDataTypeParameters>
</Attribute>
<Attribute name="interpretacion" id="A3964BA8-1A60-187F-8E4E-62279D2B312D">
<createdBy>FrZxK</createdBy>
<createdTime>2025-09-16 00:59:28 UTC</createdTime>
<ownerDesignName>Centro Médico Universitario San Rafael</ownerDesignName>
<engineerTo>
<item key="3B004C39-EBF7-0E4A-4CAF-9A405DC9B88B" value="true"/>
</engineerTo>
<nullsAllowed>true</nullsAllowed>
<useDomainConstraints>false</useDomainConstraints>
<use>1</use>
<logicalDatatype>LOGDT024</logicalDatatype>
<dataTypeSize>500</dataTypeSize>
<ownDataTypeParameters>500,,</ownDataTypeParameters>
</Attribute>
<Attribute name="id medico validador" id="D06F5A81-35A6-2965-8AC7-51530074AABD">
<createdBy>FrZxK</createdBy>
<createdTime>2025-09-16 00:59:44 UTC</createdTime>
<ownerDesignName>Centro Médico Universitario San Rafael</ownerDesignName>
<engineerTo>
<item key="3B004C39-EBF7-0E4A-4CAF-9A405DC9B88B" value="true"/>
</engineerTo>
<nullsAllowed>true</nullsAllowed>
<useDomainConstraints>false</useDomainConstraints>
<use>1</use>
<logicalDatatype>LOGDT019</logicalDatatype>
<dataTypePrecision>10</dataTypePrecision>
<ownDataTypeParameters>,10,</ownDataTypeParameters>
</Attribute>
<Attribute name="id solicitud" id="6A1FFAA6-9734-729D-E0A3-DEEECF9F02E9">
<createdBy>FrZxK</createdBy>
<createdTime>2025-09-16 02:02:59 UTC</createdTime>
<generatorID>21846C53-1658-3D00-722F-955DBD7AC475</generatorID>
<ownerDesignName>Centro Médico Universitario San Rafael</ownerDesignName>
<engineerTo>
<item key="3B004C39-EBF7-0E4A-4CAF-9A405DC9B88B" value="true"/>
</engineerTo>
<referedAttribute>06285364-88BB-3A56-8A94-5B853E248176</referedAttribute>
<useDomainConstraints>false</useDomainConstraints>
<use>1</use>
<logicalDatatype>LOGDT019</logicalDatatype>
<dataTypePrecision>15</dataTypePrecision>
<ownDataTypeParameters>,,</ownDataTypeParameters>
</Attribute>
</attributes>
<identifiers itemClass="oracle.dbtools.crest.model.design.logical.CandidateKey">
<identifier id="0B18784D-E0FF-F601-0383-AA61E7D10F54" name="RESULTADO_EXAMEN_PK">
<createdBy>FrZxK</createdBy>
<createdTime>2025-09-16 00:54:45 UTC</createdTime>
<ownerDesignName>Centro Médico Universitario San Rafael</ownerDesignName>
<shouldEngineer>false</shouldEngineer>
<engineerTo>
<item key="3B004C39-EBF7-0E4A-4CAF-9A405DC9B88B" value="false"/>
</engineerTo>
<pk>true</pk>
<usedAttributes>
<attributeRef>A8F635E1-1B10-2771-ECFD-CB8B5E27D727</attributeRef>
</usedAttributes>
</identifier>
</identifiers>
</Entity>