<?xml version = '1.0' encoding = 'UTF-8'?>
<Entity class="oracle.dbtools.crest.model.design.logical.Entity" directorySegmentName="seg_0" id="3A11C24E-FE0B-1402-7C10-9DFDB7E72997" name="SOLICITUD EXAMEN">
<createdBy>FrZxK</createdBy>
<createdTime>2025-09-16 01:53:58 UTC</createdTime>
<ownerDesignName>Centro Médico Universitario San Rafael</ownerDesignName>
<engineerTo>
<item key="3B004C39-EBF7-0E4A-4CAF-9A405DC9B88B" value="true"/>
</engineerTo>
<adequatelyNormalized>NO</adequatelyNormalized>
<expectedVolumes>0</expectedVolumes>
<fwdEngineeringStrategyName>Single Table</fwdEngineeringStrategyName>
<growthPercent>0</growthPercent>
<growthType>Year</growthType>
<maxVolumes>9999999</maxVolumes>
<minVolumes>0</minVolumes>
<normalForm>Third</normalForm>
<attributes itemClass="oracle.dbtools.crest.model.design.logical.Attribute">
<Attribute name="id solicitud" id="06285364-88BB-3A56-8A94-5B853E248176">
<createdBy>FrZxK</createdBy>
<createdTime>2025-09-16 01:54:20 UTC</createdTime>
<ownerDesignName>Centro Médico Universitario San Rafael</ownerDesignName>
<engineerTo>
<item key="3B004C39-EBF7-0E4A-4CAF-9A405DC9B88B" value="true"/>
</engineerTo>
<useDomainConstraints>false</useDomainConstraints>
<use>1</use>
<logicalDatatype>LOGDT019</logicalDatatype>
<dataTypePrecision>15</dataTypePrecision>
<ownDataTypeParameters>,15,</ownDataTypeParameters>
</Attribute>
<Attribute name="fecha solicitud" id="C3703302-4EE6-9D9E-07E8-3EDFD7535598">
<createdBy>FrZxK</createdBy>
<createdTime>2025-09-16 01:55:11 UTC</createdTime>
<ownerDesignName>Centro Médico Universitario San Rafael</ownerDesignName>
<engineerTo>
<item key="3B004C39-EBF7-0E4A-4CAF-9A405DC9B88B" value="true"/>
</engineerTo>
<useDomainConstraints>false</useDomainConstraints>
<use>1</use>
<logicalDatatype>LOGDT007</logicalDatatype>
<ownDataTypeParameters>,,</ownDataTypeParameters>
</Attribute>
<Attribute name="estado" id="5B14C1B3-ECBE-9F30-4AA6-E7F5506CB569">
<createdBy>FrZxK</createdBy>
<createdTime>2025-09-16 01:55:43 UTC</createdTime>
<commentInRDBMS><![CDATA[DEFAULT 'S' 
CHECK (estado IN ('S','R','C')),]]></commentInRDBMS>
<ownerDesignName>Centro Médico Universitario San Rafael</ownerDesignName>
<engineerTo>
<item key="3B004C39-EBF7-0E4A-4CAF-9A405DC9B88B" value="true"/>
</engineerTo>
<nullsAllowed>true</nullsAllowed>
<useDomainConstraints>false</useDomainConstraints>
<use>1</use>
<logicalDatatype>LOGDT025</logicalDatatype>
<dataTypeSize>1</dataTypeSize>
<ownDataTypeParameters>1,,</ownDataTypeParameters>
</Attribute>
<Attribute name=" instrucciones_especiales" id="A379375E-3778-F991-2328-7E796A1B9E60">
<createdBy>FrZxK</createdBy>
<createdTime>2025-09-16 01:56:18 UTC</createdTime>
<ownerDesignName>Centro Médico Universitario San Rafael</ownerDesignName>
<engineerTo>
<item key="3B004C39-EBF7-0E4A-4CAF-9A405DC9B88B" value="true"/>
</engineerTo>
<nullsAllowed>true</nullsAllowed>
<useDomainConstraints>false</useDomainConstraints>
<use>1</use>
<logicalDatatype>LOGDT024</logicalDatatype>
<dataTypeSize>200</dataTypeSize>
<ownDataTypeParameters>200,,</ownDataTypeParameters>
</Attribute>
<Attribute name="id atencion" id="74385A40-CCC7-EDC9-64E3-499A20EFF9EF">
<createdBy>FrZxK</createdBy>
<createdTime>2025-09-16 02:01:41 UTC</createdTime>
<generatorID>46031B88-7064-3079-0399-703CDCC8FBEB</generatorID>
<ownerDesignName>Centro Médico Universitario San Rafael</ownerDesignName>
<engineerTo>
<item key="3B004C39-EBF7-0E4A-4CAF-9A405DC9B88B" value="true"/>
</engineerTo>
<referedAttribute>5CA29D56-C662-C18F-DE6C-2054A873E86A</referedAttribute>
<useDomainConstraints>false</useDomainConstraints>
<use>1</use>
<logicalDatatype>LOGDT019</logicalDatatype>
<dataTypePrecision>15</dataTypePrecision>
<ownDataTypeParameters>,,</ownDataTypeParameters>
</Attribute>
<Attribute name="id examen" id="D93A1281-AA55-62C8-E385-7FE7E0C4032E">
<createdBy>FrZxK</createdBy>
<createdTime>2025-09-16 02:02:16 UTC</createdTime>
<generatorID>7DA0F4DB-7C6A-C51C-54A7-7C85DB878844</generatorID>
<ownerDesignName>Centro Médico Universitario San Rafael</ownerDesignName>
<engineerTo>
<item key="3B004C39-EBF7-0E4A-4CAF-9A405DC9B88B" value="true"/>
</engineerTo>
<referedAttribute>7E7ACB09-9351-C9F5-19F6-FE334D6D2AB4</referedAttribute>
<useDomainConstraints>false</useDomainConstraints>
<use>1</use>
<logicalDatatype>LOGDT019</logicalDatatype>
<dataTypePrecision>5</dataTypePrecision>
<ownDataTypeParameters>,,</ownDataTypeParameters>
</Attribute>
</attributes>
<identifiers itemClass="oracle.dbtools.crest.model.design.logical.CandidateKey">
<identifier id="54E60978-5155-2F35-39A8-9F7A12853446" name="SOLICITUD_EXAMEN PK">
<createdBy>FrZxK</createdBy>
<createdTime>2025-09-16 01:54:35 UTC</createdTime>
<ownerDesignName>Centro Médico Universitario San Rafael</ownerDesignName>
<engineerTo>
<item key="3B004C39-EBF7-0E4A-4CAF-9A405DC9B88B" value="true"/>
</engineerTo>
<pk>true</pk>
<usedAttributes>
<attributeRef>06285364-88BB-3A56-8A94-5B853E248176</attributeRef>
</usedAttributes>
</identifier>
</identifiers>
</Entity>