<?xml version = '1.0' encoding = 'UTF-8'?>
<Entity class="oracle.dbtools.crest.model.design.logical.Entity" directorySegmentName="seg_0" id="57B490A5-D7D6-6EE5-5919-699BEB04D959" name="MEDICO">
<createdBy>FrZxK</createdBy>
<createdTime>2025-09-16 00:09:37 UTC</createdTime>
<ownerDesignName>Centro Médico Universitario San Rafael</ownerDesignName>
<engineerTo>
<item key="3B004C39-EBF7-0E4A-4CAF-9A405DC9B88B" value="true"/>
</engineerTo>
<adequatelyNormalized>NO</adequatelyNormalized>
<expectedVolumes>0</expectedVolumes>
<fwdEngineeringStrategyName>Single Table</fwdEngineeringStrategyName>
<growthPercent>0</growthPercent>
<growthType>Year</growthType>
<maxVolumes>9999999</maxVolumes>
<minVolumes>0</minVolumes>
<normalForm>Third</normalForm>
<attributes itemClass="oracle.dbtools.crest.model.design.logical.Attribute">
<Attribute name="id medico" id="098192E1-A627-6F0B-2C46-B88190682797">
<createdBy>FrZxK</createdBy>
<createdTime>2025-09-16 00:29:04 UTC</createdTime>
<ownerDesignName>Centro Médico Universitario San Rafael</ownerDesignName>
<engineerTo>
<item key="3B004C39-EBF7-0E4A-4CAF-9A405DC9B88B" value="true"/>
</engineerTo>
<useDomainConstraints>false</useDomainConstraints>
<use>1</use>
<logicalDatatype>LOGDT019</logicalDatatype>
<dataTypePrecision>10</dataTypePrecision>
<ownDataTypeParameters>,10,</ownDataTypeParameters>
</Attribute>
<Attribute name="rut medico" id="CA5CC45B-8AE5-51D0-2278-64C750C402B9">
<createdBy>FrZxK</createdBy>
<createdTime>2025-09-16 00:29:19 UTC</createdTime>
<ownerDesignName>Centro Médico Universitario San Rafael</ownerDesignName>
<engineerTo>
<item key="3B004C39-EBF7-0E4A-4CAF-9A405DC9B88B" value="true"/>
</engineerTo>
<useDomainConstraints>false</useDomainConstraints>
<use>1</use>
<logicalDatatype>LOGDT024</logicalDatatype>
<dataTypeSize>12</dataTypeSize>
<ownDataTypeParameters>12,,</ownDataTypeParameters>
</Attribute>
<Attribute name="nombre medico" id="FB3CBF6E-C8EA-82B4-511E-68A0E388C70F">
<createdBy>FrZxK</createdBy>
<createdTime>2025-09-16 00:29:35 UTC</createdTime>
<ownerDesignName>Centro Médico Universitario San Rafael</ownerDesignName>
<engineerTo>
<item key="3B004C39-EBF7-0E4A-4CAF-9A405DC9B88B" value="true"/>
</engineerTo>
<useDomainConstraints>false</useDomainConstraints>
<use>1</use>
<logicalDatatype>LOGDT024</logicalDatatype>
<dataTypeSize>100</dataTypeSize>
<ownDataTypeParameters>100,,</ownDataTypeParameters>
</Attribute>
<Attribute name="fecha ingreso" id="8CA25E59-AC3F-61A5-EC71-7443B1B89225">
<createdBy>FrZxK</createdBy>
<createdTime>2025-09-16 00:29:54 UTC</createdTime>
<ownerDesignName>Centro Médico Universitario San Rafael</ownerDesignName>
<engineerTo>
<item key="3B004C39-EBF7-0E4A-4CAF-9A405DC9B88B" value="true"/>
</engineerTo>
<useDomainConstraints>false</useDomainConstraints>
<use>1</use>
<logicalDatatype>LOGDT007</logicalDatatype>
<ownDataTypeParameters>,,</ownDataTypeParameters>
</Attribute>
<Attribute name="id medico supervisor" id="0BBDAEC2-25DC-31A3-81B7-7F85758CA95C">
<createdBy>FrZxK</createdBy>
<createdTime>2025-09-16 00:32:29 UTC</createdTime>
<ownerDesignName>Centro Médico Universitario San Rafael</ownerDesignName>
<engineerTo>
<item key="3B004C39-EBF7-0E4A-4CAF-9A405DC9B88B" value="true"/>
</engineerTo>
<nullsAllowed>true</nullsAllowed>
<useDomainConstraints>false</useDomainConstraints>
<use>1</use>
<logicalDatatype>LOGDT019</logicalDatatype>
<dataTypePrecision>10</dataTypePrecision>
<ownDataTypeParameters>,10,</ownDataTypeParameters>
</Attribute>
<Attribute name="activo" id="A754BFD7-EDAA-4D7C-A869-C9147F356EC9">
<createdBy>FrZxK</createdBy>
<createdTime>2025-09-16 00:34:09 UTC</createdTime>
<commentInRDBMS><![CDATA[DEFAULT 'S' 
CHECK (activo IN ('S','N')),]]></commentInRDBMS>
<ownerDesignName>Centro Médico Universitario San Rafael</ownerDesignName>
<engineerTo>
<item key="3B004C39-EBF7-0E4A-4CAF-9A405DC9B88B" value="true"/>
</engineerTo>
<useDomainConstraints>false</useDomainConstraints>
<use>1</use>
<logicalDatatype>LOGDT025</logicalDatatype>
<dataTypeSize>1</dataTypeSize>
<ownDataTypeParameters>1,,</ownDataTypeParameters>
</Attribute>
<Attribute name="id especialidad" id="60932809-2A37-0C75-22C0-E2E813A794CA">
<createdBy>FrZxK</createdBy>
<createdTime>2025-09-16 01:10:44 UTC</createdTime>
<generatorID>D1942F3C-AC60-2916-C6C2-1E4789D9B789</generatorID>
<ownerDesignName>Centro Médico Universitario San Rafael</ownerDesignName>
<engineerTo>
<item key="3B004C39-EBF7-0E4A-4CAF-9A405DC9B88B" value="true"/>
</engineerTo>
<referedAttribute>CEFE7323-4C32-E406-77C8-E36F4F2B49F9</referedAttribute>
<useDomainConstraints>false</useDomainConstraints>
<use>1</use>
<logicalDatatype>LOGDT019</logicalDatatype>
<dataTypePrecision>3</dataTypePrecision>
<ownDataTypeParameters>,,</ownDataTypeParameters>
</Attribute>
<Attribute name="id afp" id="D74FA86B-D383-409B-9DAC-076B2CFBAC3F">
<createdBy>FrZxK</createdBy>
<createdTime>2025-09-16 01:11:23 UTC</createdTime>
<generatorID>09FC49A3-BFB5-2C65-75FA-2269568CFD83</generatorID>
<ownerDesignName>Centro Médico Universitario San Rafael</ownerDesignName>
<engineerTo>
<item key="3B004C39-EBF7-0E4A-4CAF-9A405DC9B88B" value="true"/>
</engineerTo>
<referedAttribute>54A2087B-2681-FC3B-A6FB-367294261813</referedAttribute>
<useDomainConstraints>false</useDomainConstraints>
<use>1</use>
<logicalDatatype>LOGDT019</logicalDatatype>
<dataTypePrecision>2</dataTypePrecision>
<ownDataTypeParameters>,,</ownDataTypeParameters>
</Attribute>
<Attribute name="id salud" id="3F468B24-D50F-D07C-19C8-4F4BD5153E4A">
<createdBy>FrZxK</createdBy>
<createdTime>2025-09-16 01:17:03 UTC</createdTime>
<generatorID>3729ACAE-4C34-1D0D-C733-1738B56BCBA0</generatorID>
<ownerDesignName>Centro Médico Universitario San Rafael</ownerDesignName>
<engineerTo>
<item key="3B004C39-EBF7-0E4A-4CAF-9A405DC9B88B" value="true"/>
</engineerTo>
<referedAttribute>58A19483-B181-CE0E-0794-FD85F53BD326</referedAttribute>
<useDomainConstraints>false</useDomainConstraints>
<use>1</use>
<logicalDatatype>LOGDT019</logicalDatatype>
<dataTypePrecision>2</dataTypePrecision>
<ownDataTypeParameters>,,</ownDataTypeParameters>
</Attribute>
</attributes>
<identifiers itemClass="oracle.dbtools.crest.model.design.logical.CandidateKey">
<identifier id="2036AC6C-BA1A-293C-83DC-5EC7B88743CF" name="MEDICO PK">
<createdBy>FrZxK</createdBy>
<createdTime>2025-09-16 00:29:18 UTC</createdTime>
<ownerDesignName>Centro Médico Universitario San Rafael</ownerDesignName>
<shouldEngineer>false</shouldEngineer>
<engineerTo>
<item key="3B004C39-EBF7-0E4A-4CAF-9A405DC9B88B" value="false"/>
</engineerTo>
<pk>true</pk>
<usedAttributes>
<attributeRef>098192E1-A627-6F0B-2C46-B88190682797</attributeRef>
</usedAttributes>
</identifier>
</identifiers>
</Entity>