<?xml version = '1.0' encoding = 'UTF-8'?>
<Entity class="oracle.dbtools.crest.model.design.logical.Entity" directorySegmentName="seg_0" id="CDD1FECC-6373-7DD2-F5CA-9A841B1D7763" name="TIPO ATENCION">
<createdBy>FrZxK</createdBy>
<createdTime>2025-09-16 00:36:22 UTC</createdTime>
<ownerDesignName>Centro Médico Universitario San Rafael</ownerDesignName>
<engineerTo>
<item key="3B004C39-EBF7-0E4A-4CAF-9A405DC9B88B" value="true"/>
</engineerTo>
<adequatelyNormalized>NO</adequatelyNormalized>
<expectedVolumes>0</expectedVolumes>
<fwdEngineeringStrategyName>Single Table</fwdEngineeringStrategyName>
<growthPercent>0</growthPercent>
<growthType>Year</growthType>
<maxVolumes>9999999</maxVolumes>
<minVolumes>0</minVolumes>
<normalForm>Third</normalForm>
<attributes itemClass="oracle.dbtools.crest.model.design.logical.Attribute">
<Attribute name="id tipo atencion" id="4ED56191-B7E3-F8A1-A5E1-3EAFFFF120BF">
<createdBy>FrZxK</createdBy>
<createdTime>2025-09-16 00:36:32 UTC</createdTime>
<ownerDesignName>Centro Médico Universitario San Rafael</ownerDesignName>
<engineerTo>
<item key="3B004C39-EBF7-0E4A-4CAF-9A405DC9B88B" value="true"/>
</engineerTo>
<useDomainConstraints>false</useDomainConstraints>
<use>1</use>
<logicalDatatype>LOGDT019</logicalDatatype>
<dataTypePrecision>2</dataTypePrecision>
<ownDataTypeParameters>,2,</ownDataTypeParameters>
</Attribute>
<Attribute name="nombre tipo" id="BEDB337F-0C52-C6D9-F4AC-E8E2A71DD826">
<createdBy>FrZxK</createdBy>
<createdTime>2025-09-16 00:36:53 UTC</createdTime>
<comment><![CDATA[General, Urgencia, Preventiva]]></comment>
<ownerDesignName>Centro Médico Universitario San Rafael</ownerDesignName>
<engineerTo>
<item key="3B004C39-EBF7-0E4A-4CAF-9A405DC9B88B" value="true"/>
</engineerTo>
<useDomainConstraints>false</useDomainConstraints>
<use>1</use>
<logicalDatatype>LOGDT024</logicalDatatype>
<dataTypeSize>30</dataTypeSize>
<ownDataTypeParameters>30,,</ownDataTypeParameters>
</Attribute>
<Attribute name="descripcion" id="2A4CD699-3A56-F250-47F9-99625CC399B3">
<createdBy>FrZxK</createdBy>
<createdTime>2025-09-16 00:37:16 UTC</createdTime>
<ownerDesignName>Centro Médico Universitario San Rafael</ownerDesignName>
<engineerTo>
<item key="3B004C39-EBF7-0E4A-4CAF-9A405DC9B88B" value="true"/>
</engineerTo>
<nullsAllowed>true</nullsAllowed>
<useDomainConstraints>false</useDomainConstraints>
<use>1</use>
<logicalDatatype>LOGDT024</logicalDatatype>
<dataTypeSize>100</dataTypeSize>
<ownDataTypeParameters>100,,</ownDataTypeParameters>
</Attribute>
</attributes>
<identifiers itemClass="oracle.dbtools.crest.model.design.logical.CandidateKey">
<identifier id="145F911D-4ACE-E688-AEDC-0DB6A96FA9AE" name="TIPO_ATENCION_PK">
<createdBy>FrZxK</createdBy>
<createdTime>2025-09-16 00:36:49 UTC</createdTime>
<ownerDesignName>Centro Médico Universitario San Rafael</ownerDesignName>
<shouldEngineer>false</shouldEngineer>
<engineerTo>
<item key="3B004C39-EBF7-0E4A-4CAF-9A405DC9B88B" value="false"/>
</engineerTo>
<pk>true</pk>
<usedAttributes>
<attributeRef>4ED56191-B7E3-F8A1-A5E1-3EAFFFF120BF</attributeRef>
</usedAttributes>
</identifier>
</identifiers>
</Entity>