<?xml version = '1.0' encoding = 'UTF-8'?>
<Entity class="oracle.dbtools.crest.model.design.logical.Entity" directorySegmentName="seg_0" id="F45E2E90-D881-831F-45DE-DD12854AF3E1" name="ATENCION MEDICA">
<createdBy>FrZxK</createdBy>
<createdTime>2025-09-16 00:09:43 UTC</createdTime>
<ownerDesignName>Centro Médico Universitario San Rafael</ownerDesignName>
<engineerTo>
<item key="3B004C39-EBF7-0E4A-4CAF-9A405DC9B88B" value="true"/>
</engineerTo>
<adequatelyNormalized>NO</adequatelyNormalized>
<expectedVolumes>0</expectedVolumes>
<fwdEngineeringStrategyName>Single Table</fwdEngineeringStrategyName>
<growthPercent>0</growthPercent>
<growthType>Year</growthType>
<maxVolumes>9999999</maxVolumes>
<minVolumes>0</minVolumes>
<normalForm>Third</normalForm>
<attributes itemClass="oracle.dbtools.crest.model.design.logical.Attribute">
<Attribute name="id atencion" id="5CA29D56-C662-C18F-DE6C-2054A873E86A">
<createdBy>FrZxK</createdBy>
<createdTime>2025-09-16 00:37:56 UTC</createdTime>
<ownerDesignName>Centro Médico Universitario San Rafael</ownerDesignName>
<engineerTo>
<item key="3B004C39-EBF7-0E4A-4CAF-9A405DC9B88B" value="true"/>
</engineerTo>
<useDomainConstraints>false</useDomainConstraints>
<use>1</use>
<logicalDatatype>LOGDT019</logicalDatatype>
<dataTypePrecision>15</dataTypePrecision>
<ownDataTypeParameters>,15,</ownDataTypeParameters>
</Attribute>
<Attribute name="fecha atencion" id="6A9036F2-3A30-AD74-B773-7213EB8C7791">
<createdBy>FrZxK</createdBy>
<createdTime>2025-09-16 00:38:35 UTC</createdTime>
<ownerDesignName>Centro Médico Universitario San Rafael</ownerDesignName>
<engineerTo>
<item key="3B004C39-EBF7-0E4A-4CAF-9A405DC9B88B" value="true"/>
</engineerTo>
<useDomainConstraints>false</useDomainConstraints>
<use>1</use>
<logicalDatatype>LOGDT007</logicalDatatype>
<ownDataTypeParameters>,,</ownDataTypeParameters>
</Attribute>
<Attribute name="hora atencion" id="5F846EA5-1F41-60E6-383F-174E654F3DF3">
<createdBy>FrZxK</createdBy>
<createdTime>2025-09-16 00:38:46 UTC</createdTime>
<comment><![CDATA[Formato HH24:MI]]></comment>
<ownerDesignName>Centro Médico Universitario San Rafael</ownerDesignName>
<engineerTo>
<item key="3B004C39-EBF7-0E4A-4CAF-9A405DC9B88B" value="true"/>
</engineerTo>
<useDomainConstraints>false</useDomainConstraints>
<use>1</use>
<logicalDatatype>LOGDT024</logicalDatatype>
<dataTypeSize>5</dataTypeSize>
<ownDataTypeParameters>5,,</ownDataTypeParameters>
</Attribute>
<Attribute name="modalidad" id="C09896EF-C3D0-21AA-FC38-A8221BF4DE08">
<createdBy>FrZxK</createdBy>
<createdTime>2025-09-16 00:39:54 UTC</createdTime>
<comment><![CDATA[P: Presencial, V: Virtual]]></comment>
<commentInRDBMS><![CDATA[CHECK (modalidad IN ('P','V')),]]></commentInRDBMS>
<ownerDesignName>Centro Médico Universitario San Rafael</ownerDesignName>
<engineerTo>
<item key="3B004C39-EBF7-0E4A-4CAF-9A405DC9B88B" value="true"/>
</engineerTo>
<useDomainConstraints>false</useDomainConstraints>
<use>1</use>
<logicalDatatype>LOGDT025</logicalDatatype>
<dataTypeSize>1</dataTypeSize>
<ownDataTypeParameters>1,,</ownDataTypeParameters>
</Attribute>
<Attribute name="diagnostico CLOB," id="D03A1079-72DF-8E78-4EEF-4596FD9A1272">
<createdBy>FrZxK</createdBy>
<createdTime>2025-09-16 00:44:07 UTC</createdTime>
<ownerDesignName>Centro Médico Universitario San Rafael</ownerDesignName>
<engineerTo>
<item key="3B004C39-EBF7-0E4A-4CAF-9A405DC9B88B" value="true"/>
</engineerTo>
<nullsAllowed>true</nullsAllowed>
<use>0</use>
<ownDataTypeParameters>,,</ownDataTypeParameters>
</Attribute>
<Attribute name="derivacion especialidad" id="4C8A7242-EB5B-7520-671D-358A80102717">
<createdBy>FrZxK</createdBy>
<createdTime>2025-09-16 00:43:02 UTC</createdTime>
<ownerDesignName>Centro Médico Universitario San Rafael</ownerDesignName>
<engineerTo>
<item key="3B004C39-EBF7-0E4A-4CAF-9A405DC9B88B" value="true"/>
</engineerTo>
<nullsAllowed>true</nullsAllowed>
<useDomainConstraints>false</useDomainConstraints>
<use>1</use>
<logicalDatatype>LOGDT019</logicalDatatype>
<dataTypePrecision>3</dataTypePrecision>
<ownDataTypeParameters>,3,</ownDataTypeParameters>
</Attribute>
<Attribute name="id paciente" id="3BA08738-29EA-A8E6-8793-439E5F188A9F">
<createdBy>FrZxK</createdBy>
<createdTime>2025-09-16 01:19:27 UTC</createdTime>
<generatorID>019A2730-4223-8246-F134-3E9C95126C61</generatorID>
<ownerDesignName>Centro Médico Universitario San Rafael</ownerDesignName>
<engineerTo>
<item key="3B004C39-EBF7-0E4A-4CAF-9A405DC9B88B" value="true"/>
</engineerTo>
<referedAttribute>943B7A52-17CE-97A2-A7BD-4406931D460D</referedAttribute>
<useDomainConstraints>false</useDomainConstraints>
<use>1</use>
<logicalDatatype>LOGDT019</logicalDatatype>
<dataTypePrecision>10</dataTypePrecision>
<ownDataTypeParameters>,,</ownDataTypeParameters>
</Attribute>
<Attribute name="id medico" id="8E7FD6DB-2D03-0D4D-6411-6DC469FF833B">
<createdBy>FrZxK</createdBy>
<createdTime>2025-09-16 01:20:36 UTC</createdTime>
<generatorID>7B5E12AE-8E4A-6063-CE8A-2AED7D072679</generatorID>
<ownerDesignName>Centro Médico Universitario San Rafael</ownerDesignName>
<engineerTo>
<item key="3B004C39-EBF7-0E4A-4CAF-9A405DC9B88B" value="true"/>
</engineerTo>
<referedAttribute>098192E1-A627-6F0B-2C46-B88190682797</referedAttribute>
<useDomainConstraints>false</useDomainConstraints>
<use>1</use>
<logicalDatatype>LOGDT019</logicalDatatype>
<dataTypePrecision>10</dataTypePrecision>
<ownDataTypeParameters>,,</ownDataTypeParameters>
</Attribute>
<Attribute name="id tipo atencion" id="D1F5B5E6-2F15-7D7F-68FE-8ACFD1F5CA97">
<createdBy>FrZxK</createdBy>
<createdTime>2025-09-16 01:22:07 UTC</createdTime>
<generatorID>8ECA06AB-0FC9-3887-8872-8D620E64C37C</generatorID>
<ownerDesignName>Centro Médico Universitario San Rafael</ownerDesignName>
<engineerTo>
<item key="3B004C39-EBF7-0E4A-4CAF-9A405DC9B88B" value="true"/>
</engineerTo>
<referedAttribute>4ED56191-B7E3-F8A1-A5E1-3EAFFFF120BF</referedAttribute>
<useDomainConstraints>false</useDomainConstraints>
<use>1</use>
<logicalDatatype>LOGDT019</logicalDatatype>
<dataTypePrecision>2</dataTypePrecision>
<ownDataTypeParameters>,,</ownDataTypeParameters>
</Attribute>
</attributes>
<identifiers itemClass="oracle.dbtools.crest.model.design.logical.CandidateKey">
<identifier id="678123A6-7F6A-FDC5-DC58-C81A3541DCA3" name="ATENCION_MEDICA_PK">
<createdBy>FrZxK</createdBy>
<createdTime>2025-09-16 00:38:14 UTC</createdTime>
<ownerDesignName>Centro Médico Universitario San Rafael</ownerDesignName>
<shouldEngineer>false</shouldEngineer>
<engineerTo>
<item key="3B004C39-EBF7-0E4A-4CAF-9A405DC9B88B" value="false"/>
</engineerTo>
<pk>true</pk>
<usedAttributes>
<attributeRef>5CA29D56-C662-C18F-DE6C-2054A873E86A</attributeRef>
</usedAttributes>
</identifier>
</identifiers>
</Entity>