<?xml version = '1.0' encoding = 'UTF-8'?>
<relationalModel class="oracle.dbtools.crest.model.design.relational.RelationalDesign" name="Relational_1" id="3B004C39-EBF7-0E4A-4CAF-9A405DC9B88B" mainViewID="E89FF108-1EB0-6AFF-94E5-2E4042EA78F0">
<createdBy>FrZxK</createdBy>
<createdTime>2025-09-16 00:09:10 UTC</createdTime>
<ownerDesignName>Centro Médico Universitario San Rafael</ownerDesignName>
<shouldBeOpen>false</shouldBeOpen>
<selectedRDBMSSite>32076570-2523-435C-2E92-BF29817DFF70</selectedRDBMSSite>
</relationalModel>