<?xml version = '1.0' encoding = 'UTF-8'?>
<Diagram class="oracle.dbtools.crest.swingui.relational.DPVRelational" name="Relational_1" id="08B16DCE-BA9B-BFC1-D624-45A94663A517">
<createdBy>FrZxK</createdBy>
<modifiedBy>FrZxK</modifiedBy>
<createdTime>2025-09-02 02:04:52 UTC</createdTime>
<autoRoute>false</autoRoute>
<boxInbox>true</boxInbox>
<showLegend>false</showLegend>
<showLabels>false</showLabels>
<showRelAttributes>false</showRelAttributes>
<gridEnabled>false</gridEnabled>
<showGrid>false</showGrid>
<diagramColor>-1</diagramColor>
<display>false</display>
<notation>1</notation>
<objectViews>
<OView class="oracle.dbtools.crest.swingui.relational.TVTable" oid="00B939D9-D93B-3DDE-A7AE-ABDCE9EABB34" otype="Table" vid="D9420D54-FEB7-3C5A-279C-E8E9CE9335C6">
<hideElementsInCurrentOnly>false</hideElementsInCurrentOnly>
<bounds x="377" y="570" width="253" height="119"/>
</OView>
<OView class="oracle.dbtools.crest.swingui.relational.TVTable" oid="1310D956-E0B7-C5DF-8736-1FEAAE3311F5" otype="Table" vid="F2ECC874-45D2-E0EE-B81A-A2235B6E3BB0">
<hideElementsInCurrentOnly>false</hideElementsInCurrentOnly>
<bounds x="375" y="0" width="253" height="129"/>
</OView>
<OView class="oracle.dbtools.crest.swingui.relational.TVTable" oid="1E8AE117-4D50-8D95-9764-A37B88949C46" otype="Table" vid="52A74241-E0DE-C2E8-DA90-13525092873D">
<hideElementsInCurrentOnly>false</hideElementsInCurrentOnly>
<bounds x="387" y="141" width="238" height="263"/>
</OView>
<OView class="oracle.dbtools.crest.swingui.relational.TVTable" oid="8952DCEA-8453-EC71-128E-59C3DB980329" otype="Table" vid="01DB0FB6-3CA6-5614-1EA4-58C08A847CE3">
<hideElementsInCurrentOnly>false</hideElementsInCurrentOnly>
<bounds x="60" y="704" width="212" height="135"/>
</OView>
<OView class="oracle.dbtools.crest.swingui.relational.TVTable" oid="B7C3B1C3-76FD-31AE-2930-7C9ABA77BC5B" otype="Table" vid="74EEBA22-9336-0C07-290E-FFD13CCF3E26">
<hideElementsInCurrentOnly>false</hideElementsInCurrentOnly>
<bounds x="745" y="248" width="270" height="154"/>
</OView>
<OView class="oracle.dbtools.crest.swingui.relational.TVTable" oid="CF4AF4B4-7382-76A8-F4AB-2B435DD88749" otype="Table" vid="612D225C-910E-7C70-A019-E565049B0152">
<hideElementsInCurrentOnly>false</hideElementsInCurrentOnly>
<bounds x="345" y="706" width="317" height="157"/>
</OView>
<OView class="oracle.dbtools.crest.swingui.relational.TVTable" oid="E7F93FAD-C986-4EDC-50F0-BB9D6FF5E15F" otype="Table" vid="E2C1F53A-ED54-7644-3C87-D18B637E9E15">
<hideElementsInCurrentOnly>false</hideElementsInCurrentOnly>
<bounds x="723" y="480" width="350" height="197"/>
</OView>
<OView class="oracle.dbtools.crest.swingui.relational.TVTable" oid="E90CAC71-F74C-DC37-D44F-A308A04EF99A" otype="Table" vid="D2917C97-DA93-2AB9-998D-41348A129727">
<hideElementsInCurrentOnly>false</hideElementsInCurrentOnly>
<bounds x="65" y="89" width="234" height="144"/>
</OView>
<OView class="oracle.dbtools.crest.swingui.relational.TVTable" oid="E989CD05-3637-98DD-B064-A55A1AE36CDD" otype="Table" vid="FE3E3223-0E88-631A-3DB4-8D70A387AAAF">
<hideElementsInCurrentOnly>false</hideElementsInCurrentOnly>
<bounds x="733" y="23" width="274" height="168"/>
</OView>
<OView class="oracle.dbtools.crest.swingui.relational.TVTable" oid="EF2402CD-07F2-AD07-D4D8-065F138CC392" otype="Table" vid="44C8A15B-5637-0474-548B-5FC334081CF3">
<hideElementsInCurrentOnly>false</hideElementsInCurrentOnly>
<bounds x="42" y="330" width="281" height="158"/>
</OView>
<OView class="oracle.dbtools.crest.swingui.relational.TVTable" oid="F268C67E-F476-47F9-ED75-DCAED0DE5A38" otype="Table" vid="E488FD4A-BDFE-D9D3-9F0B-B8C5B0769FCB">
<hideElementsInCurrentOnly>false</hideElementsInCurrentOnly>
<bounds x="380" y="415" width="246" height="146"/>
</OView>
</objectViews>
<connectors>
<Connector class="oracle.dbtools.crest.swingui.relational.TVFKRelation" oid="2DD57ADD-642A-10F8-8E88-666BE7ADB340" otype="FKIndexAssociation" vid_source="74EEBA22-9336-0C07-290E-FFD13CCF3E26" vid_target="52A74241-E0DE-C2E8-DA90-13525092873D">
<hideElementsInCurrentOnly>false</hideElementsInCurrentOnly>
<backgroundColor>-16777216</backgroundColor>
<lineWidth>1</lineWidth>
<points>
<point x="745" y="325"/>
<point x="625" y="325"/>
</points>
</Connector>
<Connector class="oracle.dbtools.crest.swingui.relational.TVFKRelation" oid="2EA399CD-6694-1025-7142-FEB2F0850137" otype="FKIndexAssociation" vid_source="D2917C97-DA93-2AB9-998D-41348A129727" vid_target="52A74241-E0DE-C2E8-DA90-13525092873D">
<hideElementsInCurrentOnly>false</hideElementsInCurrentOnly>
<backgroundColor>-16777216</backgroundColor>
<lineWidth>1</lineWidth>
<points>
<point x="299" y="202"/>
<point x="387" y="202"/>
</points>
</Connector>
<Connector class="oracle.dbtools.crest.swingui.relational.TVFKRelation" oid="3F0205E3-252B-552B-80E5-8EBD5293265D" otype="FKIndexAssociation" vid_source="52A74241-E0DE-C2E8-DA90-13525092873D" vid_target="E2C1F53A-ED54-7644-3C87-D18B637E9E15">
<hideElementsInCurrentOnly>false</hideElementsInCurrentOnly>
<backgroundColor>-16777216</backgroundColor>
<lineWidth>1</lineWidth>
<points>
<point x="583" y="298"/>
<point x="787" y="480"/>
</points>
</Connector>
<Connector class="oracle.dbtools.crest.swingui.relational.TVFKRelation" oid="41861377-E260-4EB9-5706-EFA31D3719F6" otype="FKIndexAssociation" vid_source="612D225C-910E-7C70-A019-E565049B0152" vid_target="E2C1F53A-ED54-7644-3C87-D18B637E9E15">
<hideElementsInCurrentOnly>false</hideElementsInCurrentOnly>
<backgroundColor>-16777216</backgroundColor>
<lineWidth>1</lineWidth>
<points>
<point x="653" y="706"/>
<point x="723" y="669"/>
</points>
</Connector>
<Connector class="oracle.dbtools.crest.swingui.relational.TVFKRelation" oid="5B6A8F28-ECC9-BC07-13A1-C02C3286004D" otype="FKIndexAssociation" vid_source="FE3E3223-0E88-631A-3DB4-8D70A387AAAF" vid_target="74EEBA22-9336-0C07-290E-FFD13CCF3E26">
<hideElementsInCurrentOnly>false</hideElementsInCurrentOnly>
<backgroundColor>-16777216</backgroundColor>
<lineWidth>1</lineWidth>
<points>
<point x="876" y="191"/>
<point x="876" y="248"/>
</points>
</Connector>
<Connector class="oracle.dbtools.crest.swingui.relational.TVFKRelation" oid="603152DA-3B35-68BC-08ED-6FCDA542E133" otype="FKIndexAssociation" vid_source="F2ECC874-45D2-E0EE-B81A-A2235B6E3BB0" vid_target="FE3E3223-0E88-631A-3DB4-8D70A387AAAF">
<hideElementsInCurrentOnly>false</hideElementsInCurrentOnly>
<backgroundColor>-16777216</backgroundColor>
<lineWidth>1</lineWidth>
<points>
<point x="628" y="76"/>
<point x="733" y="76"/>
</points>
</Connector>
<Connector class="oracle.dbtools.crest.swingui.relational.TVFKRelation" oid="63D15B5D-641B-2EB7-FDE2-31F89EC2B5DF" otype="FKIndexAssociation" vid_source="D2917C97-DA93-2AB9-998D-41348A129727" vid_target="F2ECC874-45D2-E0EE-B81A-A2235B6E3BB0">
<hideElementsInCurrentOnly>false</hideElementsInCurrentOnly>
<backgroundColor>-16777216</backgroundColor>
<lineWidth>1</lineWidth>
<points>
<point x="299" y="109"/>
<point x="375" y="109"/>
</points>
</Connector>
<Connector class="oracle.dbtools.crest.swingui.relational.TVFKRelation" oid="AC6B0A91-2833-DEE1-4400-E32AEFEC161B" otype="FKIndexAssociation" vid_source="44C8A15B-5637-0474-548B-5FC334081CF3" vid_target="D9420D54-FEB7-3C5A-279C-E8E9CE9335C6">
<hideElementsInCurrentOnly>false</hideElementsInCurrentOnly>
<backgroundColor>-16777216</backgroundColor>
<lineWidth>1</lineWidth>
<points>
<point x="297" y="488"/>
<point x="416" y="570"/>
</points>
</Connector>
<Connector class="oracle.dbtools.crest.swingui.relational.TVFKRelation" oid="AD2E9885-FFE3-4A80-D004-FCEE9145ACCF" otype="FKIndexAssociation" vid_source="01DB0FB6-3CA6-5614-1EA4-58C08A847CE3" vid_target="612D225C-910E-7C70-A019-E565049B0152">
<hideElementsInCurrentOnly>false</hideElementsInCurrentOnly>
<backgroundColor>-16777216</backgroundColor>
<lineWidth>1</lineWidth>
<points>
<point x="272" y="772"/>
<point x="345" y="772"/>
</points>
</Connector>
<Connector class="oracle.dbtools.crest.swingui.relational.TVFKRelation" oid="CCC9B50F-0A78-41F9-ECF4-A98FC1F26816" otype="FKIndexAssociation" vid_source="44C8A15B-5637-0474-548B-5FC334081CF3" vid_target="E488FD4A-BDFE-D9D3-9F0B-B8C5B0769FCB">
<hideElementsInCurrentOnly>false</hideElementsInCurrentOnly>
<backgroundColor>-16777216</backgroundColor>
<lineWidth>1</lineWidth>
<points>
<point x="323" y="451"/>
<point x="380" y="451"/>
</points>
</Connector>
<Connector class="oracle.dbtools.crest.swingui.relational.TVFKRelation" oid="CDB662E8-9A7B-3DFA-C573-DA4EE28F8573" otype="FKIndexAssociation" vid_source="74EEBA22-9336-0C07-290E-FFD13CCF3E26" vid_target="52A74241-E0DE-C2E8-DA90-13525092873D">
<hideElementsInCurrentOnly>false</hideElementsInCurrentOnly>
<backgroundColor>-16777216</backgroundColor>
<lineWidth>1</lineWidth>
<points>
<point x="745" y="340"/>
<point x="594" y="298"/>
</points>
</Connector>
<Connector class="oracle.dbtools.crest.swingui.relational.TVFKRelation" oid="CF710CC9-3C6E-B1F7-A31A-60972B9EE58F" otype="FKIndexAssociation" vid_source="01DB0FB6-3CA6-5614-1EA4-58C08A847CE3" vid_target="44C8A15B-5637-0474-548B-5FC334081CF3">
<hideElementsInCurrentOnly>false</hideElementsInCurrentOnly>
<backgroundColor>-16777216</backgroundColor>
<lineWidth>1</lineWidth>
<points>
<point x="181" y="704"/>
<point x="181" y="488"/>
</points>
</Connector>
</connectors>
</Diagram>