<?xml version = '1.0' encoding = 'UTF-8'?>
<Diagram class="oracle.dbtools.crest.swingui.logical.DPVLogical" name="Logical" id="2C301E46-B8F4-CD4E-6369-8ADE076ED221">
<createdBy>FrZxK</createdBy>
<modifiedBy>FrZxK</modifiedBy>
<createdTime>2025-09-02 00:52:17 UTC</createdTime>
<autoRoute>false</autoRoute>
<boxInbox>true</boxInbox>
<showLegend>false</showLegend>
<showLabels>false</showLabels>
<showRelAttributes>false</showRelAttributes>
<gridEnabled>false</gridEnabled>
<showGrid>false</showGrid>
<diagramColor>-1</diagramColor>
<display>false</display>
<notation>2</notation>
<objectViews>
<OView class="oracle.dbtools.crest.swingui.logical.TVEntity" oid="287C69E6-ECDE-9A43-AB85-AA82274B2712" otype="Entity" vid="B5706870-8398-EE6D-9981-2A0F34DD1A22">
<hideElementsInCurrentOnly>false</hideElementsInCurrentOnly>
<bounds x="70" y="555" width="194" height="135"/>
</OView>
<OView class="oracle.dbtools.crest.swingui.logical.TVEntity" oid="40730882-32A7-BB2D-CF12-41DB532CE2E5" otype="Entity" vid="CE90BEE8-55D7-1C6D-4497-FBBC338090FB">
<hideElementsInCurrentOnly>false</hideElementsInCurrentOnly>
<bounds x="391" y="1" width="195" height="117"/>
</OView>
<OView class="oracle.dbtools.crest.swingui.logical.TVEntity" oid="42F4816E-D0B6-2EBA-E44C-66C98D8E7472" otype="Entity" vid="A16809B6-3790-DED9-4C08-A47741ED59BF">
<hideElementsInCurrentOnly>false</hideElementsInCurrentOnly>
<bounds x="387" y="131" width="207" height="167"/>
</OView>
<OView class="oracle.dbtools.crest.swingui.logical.TVEntity" oid="4BB97D2B-7D4F-B784-79BB-8B6E091331E6" otype="Entity" vid="CB6C331B-2917-2A07-6550-BF24548C74E9">
<hideElementsInCurrentOnly>false</hideElementsInCurrentOnly>
<bounds x="392" y="440" width="169" height="98"/>
</OView>
<OView class="oracle.dbtools.crest.swingui.logical.TVEntity" oid="4C750E1E-01E6-69CE-4517-DD573BE0DDB4" otype="Entity" vid="6565CE26-52E7-7086-CED2-25CAADE838F8">
<hideElementsInCurrentOnly>false</hideElementsInCurrentOnly>
<bounds x="703" y="210" width="242" height="143"/>
</OView>
<OView class="oracle.dbtools.crest.swingui.logical.TVEntity" oid="54301B37-63D0-C80C-0833-61C6432968E3" otype="Entity" vid="18FE63B1-19A8-BD43-B6FE-1ABCD3C7F5F7">
<hideElementsInCurrentOnly>false</hideElementsInCurrentOnly>
<bounds x="697" y="7" width="233" height="161"/>
</OView>
<OView class="oracle.dbtools.crest.swingui.logical.TVEntity" oid="9FCEE55B-8BA3-1E24-CAF2-46D7B3BADD14" otype="Entity" vid="341FF54C-33AD-C002-2182-04E75A3A0F57">
<hideElementsInCurrentOnly>false</hideElementsInCurrentOnly>
<bounds x="65" y="295" width="205" height="156"/>
</OView>
<OView class="oracle.dbtools.crest.swingui.logical.TVEntity" oid="DC060CD9-F657-67BC-95B0-31ACE98C1126" otype="Entity" vid="86AC8611-FD48-C03E-55FB-4F04C2EDF12D">
<hideElementsInCurrentOnly>false</hideElementsInCurrentOnly>
<bounds x="372" y="311" width="235" height="119"/>
</OView>
<OView class="oracle.dbtools.crest.swingui.logical.TVEntity" oid="E53E2B81-42B9-FA7B-4DE2-E8771248CBAD" otype="Entity" vid="4C894202-03ED-2BE9-0EBE-FEDEC9538AEB">
<hideElementsInCurrentOnly>false</hideElementsInCurrentOnly>
<bounds x="380" y="547" width="197" height="151"/>
</OView>
<OView class="oracle.dbtools.crest.swingui.logical.TVEntity" oid="EEDE8187-780C-08F1-380C-650E2122E64F" otype="Entity" vid="80FE851E-D27E-4348-B79F-12E95E61A171">
<hideElementsInCurrentOnly>false</hideElementsInCurrentOnly>
<bounds x="42" y="34" width="226" height="165"/>
</OView>
<OView class="oracle.dbtools.crest.swingui.logical.TVEntity" oid="F20F71F4-7B94-1356-F043-66E109E8D64F" otype="Entity" vid="CA18A5C7-C27D-51A9-8F75-9F35D221A887">
<hideElementsInCurrentOnly>false</hideElementsInCurrentOnly>
<bounds x="726" y="446" width="230" height="164"/>
</OView>
</objectViews>
<connectors>
<Connector class="oracle.dbtools.crest.swingui.logical.TVRelation" oid="0090DE56-3AB8-3E4C-DC2D-0694A0F0D534" otype="Relation" vid_source="341FF54C-33AD-C002-2182-04E75A3A0F57" vid_target="CB6C331B-2917-2A07-6550-BF24548C74E9">
<hideElementsInCurrentOnly>false</hideElementsInCurrentOnly>
<backgroundColor>-16777216</backgroundColor>
<lineWidth>1</lineWidth>
<points>
<point x="270" y="445"/>
<point x="392" y="445"/>
</points>
</Connector>
<Connector class="oracle.dbtools.crest.swingui.logical.TVRelation" oid="38B0A95C-42DC-73D9-DE67-B14897829740" otype="Relation" vid_source="B5706870-8398-EE6D-9981-2A0F34DD1A22" vid_target="341FF54C-33AD-C002-2182-04E75A3A0F57">
<hideElementsInCurrentOnly>false</hideElementsInCurrentOnly>
<backgroundColor>-16777216</backgroundColor>
<lineWidth>1</lineWidth>
<points>
<point x="167" y="555"/>
<point x="167" y="451"/>
</points>
</Connector>
<Connector class="oracle.dbtools.crest.swingui.logical.TVRelation" oid="96CEFFB6-A013-2BE6-221E-FC32F617330E" otype="Relation" vid_source="B5706870-8398-EE6D-9981-2A0F34DD1A22" vid_target="4C894202-03ED-2BE9-0EBE-FEDEC9538AEB">
<hideElementsInCurrentOnly>false</hideElementsInCurrentOnly>
<backgroundColor>-16777216</backgroundColor>
<lineWidth>1</lineWidth>
<points>
<point x="264" y="622"/>
<point x="380" y="622"/>
</points>
</Connector>
<Connector class="oracle.dbtools.crest.swingui.logical.TVRelation" oid="9DCCC2D9-A809-FC6D-19DD-32E6C787310C" otype="Relation" vid_source="18FE63B1-19A8-BD43-B6FE-1ABCD3C7F5F7" vid_target="6565CE26-52E7-7086-CED2-25CAADE838F8">
<hideElementsInCurrentOnly>false</hideElementsInCurrentOnly>
<backgroundColor>-16777216</backgroundColor>
<lineWidth>1</lineWidth>
<points>
<point x="816" y="168"/>
<point x="816" y="210"/>
</points>
</Connector>
<Connector class="oracle.dbtools.crest.swingui.logical.TVRelation" oid="C8472754-73C0-1117-E0B9-1C8C2114ADB3" otype="Relation" vid_source="6565CE26-52E7-7086-CED2-25CAADE838F8" vid_target="A16809B6-3790-DED9-4C08-A47741ED59BF">
<hideElementsInCurrentOnly>false</hideElementsInCurrentOnly>
<backgroundColor>-16777216</backgroundColor>
<lineWidth>1</lineWidth>
<points>
<point x="703" y="254"/>
<point x="594" y="254"/>
</points>
</Connector>
<Connector class="oracle.dbtools.crest.swingui.logical.TVRelation" oid="CC537165-3245-D1A5-D256-145C294A38C6" otype="Relation" vid_source="80FE851E-D27E-4348-B79F-12E95E61A171" vid_target="A16809B6-3790-DED9-4C08-A47741ED59BF">
<hideElementsInCurrentOnly>false</hideElementsInCurrentOnly>
<backgroundColor>-16777216</backgroundColor>
<lineWidth>1</lineWidth>
<points>
<point x="268" y="165"/>
<point x="387" y="165"/>
</points>
</Connector>
<Connector class="oracle.dbtools.crest.swingui.logical.TVRelation" oid="D6E734DD-82D8-A33A-C95E-B7CE7EED3F46" otype="Relation" vid_source="80FE851E-D27E-4348-B79F-12E95E61A171" vid_target="CE90BEE8-55D7-1C6D-4497-FBBC338090FB">
<hideElementsInCurrentOnly>false</hideElementsInCurrentOnly>
<backgroundColor>-16777216</backgroundColor>
<lineWidth>1</lineWidth>
<points>
<point x="268" y="76"/>
<point x="391" y="76"/>
</points>
</Connector>
<Connector class="oracle.dbtools.crest.swingui.logical.TVRelation" oid="D92CE6F9-22E2-D6C1-CFF8-6D52B0C59920" otype="Relation" vid_source="A16809B6-3790-DED9-4C08-A47741ED59BF" vid_target="CA18A5C7-C27D-51A9-8F75-9F35D221A887">
<hideElementsInCurrentOnly>false</hideElementsInCurrentOnly>
<backgroundColor>-16777216</backgroundColor>
<lineWidth>1</lineWidth>
<points>
<point x="583" y="298"/>
<point x="749" y="446"/>
</points>
</Connector>
<Connector class="oracle.dbtools.crest.swingui.logical.TVRelation" oid="DA28E2A6-A870-7690-965E-EB2807BAE7E7" otype="Relation" vid_source="CE90BEE8-55D7-1C6D-4497-FBBC338090FB" vid_target="18FE63B1-19A8-BD43-B6FE-1ABCD3C7F5F7">
<hideElementsInCurrentOnly>false</hideElementsInCurrentOnly>
<backgroundColor>-16777216</backgroundColor>
<lineWidth>1</lineWidth>
<points>
<point x="586" y="62"/>
<point x="697" y="62"/>
</points>
</Connector>
<Connector class="oracle.dbtools.crest.swingui.logical.TVRelation" oid="DFC36D53-12DA-D081-7B72-7ADBF2739792" otype="Relation" vid_source="4C894202-03ED-2BE9-0EBE-FEDEC9538AEB" vid_target="CA18A5C7-C27D-51A9-8F75-9F35D221A887">
<hideElementsInCurrentOnly>false</hideElementsInCurrentOnly>
<backgroundColor>-16777216</backgroundColor>
<lineWidth>1</lineWidth>
<points>
<point x="577" y="578"/>
<point x="726" y="578"/>
</points>
</Connector>
<Connector class="oracle.dbtools.crest.swingui.logical.TVRelation" oid="F6CD73D9-2B2E-0B8C-7C76-102F3095C4DD" otype="Relation" vid_source="341FF54C-33AD-C002-2182-04E75A3A0F57" vid_target="86AC8611-FD48-C03E-55FB-4F04C2EDF12D">
<hideElementsInCurrentOnly>false</hideElementsInCurrentOnly>
<backgroundColor>-16777216</backgroundColor>
<lineWidth>1</lineWidth>
<points>
<point x="270" y="370"/>
<point x="372" y="370"/>
</points>
</Connector>
</connectors>
</Diagram>