<?xml version = '1.0' encoding = 'UTF-8'?>
<FKIndexAssociation class="oracle.dbtools.crest.model.design.relational.FKIndexAssociation" directorySegmentName="seg_0" id="02992420-1AD2-E349-1F7C-E003EF5CAD31" containerWithKeyObject="B0D23C6A-9671-7E99-1C50-38063201719E" localFKIndex="F69E1CD1-3D9C-0120-8759-9FF078A27E88" name="PAGO_ATENCION_MEDICA_FK">
<createdBy>FrZxK</createdBy>
<createdTime>2025-09-16 01:44:05 UTC</createdTime>
<generatorID>08D9B2F9-DDE8-41BC-6D31-B1AC5581B46A</generatorID>
<ownerDesignName>Centro Médico Universitario San Rafael</ownerDesignName>
<referredTableLongName>ATENCION_MEDICA</referredTableLongName>
<deleteRule>NO ACTION</deleteRule>
<referredTableID>3EACB134-3776-1BDE-0E73-48C2CF021DF2</referredTableID>
<keyObject>A9E42A45-97BF-59D6-C261-AB7C870F81CC</keyObject>
<referredKeyID>A9E42A45-97BF-59D6-C261-AB7C870F81CC</referredKeyID>
<mandatory>true</mandatory>
<refColNames>id_atencion</refColNames>
<transferable>true</transferable>
<rely>false</rely>
<columnDependencyConstraintGenerateInDDL>true</columnDependencyConstraintGenerateInDDL>
</FKIndexAssociation>