<?xml version = '1.0' encoding = 'UTF-8'?>
<FKIndexAssociation class="oracle.dbtools.crest.model.design.relational.FKIndexAssociation" directorySegmentName="seg_0" id="12D59D20-3D95-177A-C3B0-D959356A90E9" containerWithKeyObject="F2194F88-6064-47AD-DEBE-343B37D8CCBD" localFKIndex="6A453C04-D8B2-D977-D218-BA07F4A68F21" name="MEDICO_AFP_FK">
<createdBy>FrZxK</createdBy>
<createdTime>2025-09-16 01:44:05 UTC</createdTime>
<generatorID>09FC49A3-BFB5-2C65-75FA-2269568CFD83</generatorID>
<ownerDesignName>Centro Médico Universitario San Rafael</ownerDesignName>
<referredTableLongName>AFP</referredTableLongName>
<deleteRule>NO ACTION</deleteRule>
<referredTableID>B3568723-2B0C-F7EB-1955-4178C798AF9B</referredTableID>
<keyObject>F3BF87C0-A4BF-FA40-6EF1-660EDAF4D6D3</keyObject>
<referredKeyID>F3BF87C0-A4BF-FA40-6EF1-660EDAF4D6D3</referredKeyID>
<mandatory>true</mandatory>
<refColNames>id_afp</refColNames>
<transferable>true</transferable>
<rely>false</rely>
<columnDependencyConstraintGenerateInDDL>true</columnDependencyConstraintGenerateInDDL>
</FKIndexAssociation>