<?xml version = '1.0' encoding = 'UTF-8'?>
<FKIndexAssociation class="oracle.dbtools.crest.model.design.relational.FKIndexAssociation" directorySegmentName="seg_0" id="1CFD9E19-831F-F1FB-E501-19A20836A476" containerWithKeyObject="3EACB134-3776-1BDE-0E73-48C2CF021DF2" localFKIndex="8017FAA2-C459-67F2-B45B-F71E00F70607" name="ATENCION_MEDICA_TIPO_ATENCION_FK">
<createdBy>FrZxK</createdBy>
<createdTime>2025-09-16 01:44:05 UTC</createdTime>
<generatorID>8ECA06AB-0FC9-3887-8872-8D620E64C37C</generatorID>
<ownerDesignName>Centro Médico Universitario San Rafael</ownerDesignName>
<referredTableLongName>TIPO_ATENCION</referredTableLongName>
<deleteRule>NO ACTION</deleteRule>
<referredTableID>7D94DE87-4041-2644-25B8-4160EAED051A</referredTableID>
<keyObject>50E69CE6-84E0-D913-B584-803E62D126A2</keyObject>
<referredKeyID>50E69CE6-84E0-D913-B584-803E62D126A2</referredKeyID>
<mandatory>true</mandatory>
<refColNames>id_tipo_atencion</refColNames>
<transferable>true</transferable>
<rely>false</rely>
<columnDependencyConstraintGenerateInDDL>true</columnDependencyConstraintGenerateInDDL>
</FKIndexAssociation>