<?xml version = '1.0' encoding = 'UTF-8'?>
<FKIndexAssociation class="oracle.dbtools.crest.model.design.relational.FKIndexAssociation" directorySegmentName="seg_0" id="2982F7EC-520E-0303-7D06-F178B0FD4CA9" containerWithKeyObject="A859D347-AF97-860A-A0C4-E5C4B4E5EAFF" localFKIndex="AE5C04DF-3851-0345-78A8-70B66F304596" name="PACIENTE_COMUNA_FK">
<createdBy>FrZxK</createdBy>
<createdTime>2025-09-16 01:02:13 UTC</createdTime>
<generatorID>3C6D1B36-135E-2211-925E-52181E0E59C2</generatorID>
<ownerDesignName>Centro Médico Universitario San Rafael</ownerDesignName>
<referredTableLongName>COMUNA</referredTableLongName>
<deleteRule>NO ACTION</deleteRule>
<referredTableID>2CE1FD09-460C-17AD-BFDC-A47D93182417</referredTableID>
<keyObject>CC5DB212-EED9-6346-797C-0A51D35636D7</keyObject>
<referredKeyID>CC5DB212-EED9-6346-797C-0A51D35636D7</referredKeyID>
<mandatory>true</mandatory>
<refColNames>id_comuna</refColNames>
<transferable>true</transferable>
<rely>false</rely>
<columnDependencyConstraintGenerateInDDL>true</columnDependencyConstraintGenerateInDDL>
</FKIndexAssociation>