<?xml version = '1.0' encoding = 'UTF-8'?>
<FKIndexAssociation class="oracle.dbtools.crest.model.design.relational.FKIndexAssociation" directorySegmentName="seg_0" id="2B6A8DDF-F376-B77B-1F57-7B08CBAE33B0" containerWithKeyObject="F2194F88-6064-47AD-DEBE-343B37D8CCBD" localFKIndex="C5F3AAB8-67DE-F962-ED9B-E22E3142A8AF" name="MEDICO_MEDICO_FKv2">
<createdBy>FrZxK</createdBy>
<createdTime>2025-09-16 02:40:12 UTC</createdTime>
<generatorID>2EA85B1D-2AB5-6E01-3FF1-4BFAB4CA2C83</generatorID>
<ownerDesignName>Centro Médico Universitario San Rafael</ownerDesignName>
<referredTableLongName>MEDICO</referredTableLongName>
<deleteRule>NO ACTION</deleteRule>
<referredTableID>F2194F88-6064-47AD-DEBE-343B37D8CCBD</referredTableID>
<keyObject>288F83B9-0E59-9C5B-748B-CD75A017088E</keyObject>
<referredKeyID>288F83B9-0E59-9C5B-748B-CD75A017088E</referredKeyID>
<mandatory>true</mandatory>
<refColNames>MEDICO_ID</refColNames>
<transferable>true</transferable>
<rely>false</rely>
<columnDependencyConstraintGenerateInDDL>true</columnDependencyConstraintGenerateInDDL>
</FKIndexAssociation>