<?xml version = '1.0' encoding = 'UTF-8'?>
<FKIndexAssociation class="oracle.dbtools.crest.model.design.relational.FKIndexAssociation" directorySegmentName="seg_0" id="2E2BFC79-EC44-5101-F3D9-667693927FCE" containerWithKeyObject="F2194F88-6064-47AD-DEBE-343B37D8CCBD" localFKIndex="3D85B056-CBF2-DD75-BA8F-2817B9416083" name="MEDICO_MEDICO_FK">
<createdBy>FrZxK</createdBy>
<createdTime>2025-09-16 01:44:05 UTC</createdTime>
<generatorID>67FF1EDE-1F30-6BF0-E0E5-A7D0F1565115</generatorID>
<ownerDesignName>Centro Médico Universitario San Rafael</ownerDesignName>
<referredTableLongName>MEDICO</referredTableLongName>
<deleteRule>NO ACTION</deleteRule>
<referredTableID>F2194F88-6064-47AD-DEBE-343B37D8CCBD</referredTableID>
<keyObject>6748275D-9A98-9C41-7C59-D688E156E049</keyObject>
<referredKeyID>6748275D-9A98-9C41-7C59-D688E156E049</referredKeyID>
<mandatory>true</mandatory>
<refColNames>id_medico</refColNames>
<transferable>true</transferable>
<rely>false</rely>
<columnDependencyConstraintGenerateInDDL>true</columnDependencyConstraintGenerateInDDL>
</FKIndexAssociation>