<?xml version = '1.0' encoding = 'UTF-8'?>
<FKIndexAssociation class="oracle.dbtools.crest.model.design.relational.FKIndexAssociation" directorySegmentName="seg_0" id="32355997-5DEE-D581-7E98-BBFCA66B6365" containerWithKeyObject="F2194F88-6064-47AD-DEBE-343B37D8CCBD" localFKIndex="1AA8F267-64CD-49E3-083B-222FF15A1187" name="MEDICO_SALUD_FK">
<createdBy>FrZxK</createdBy>
<createdTime>2025-09-16 01:44:05 UTC</createdTime>
<generatorID>3729ACAE-4C34-1D0D-C733-1738B56BCBA0</generatorID>
<ownerDesignName>Centro Médico Universitario San Rafael</ownerDesignName>
<referredTableLongName>SALUD</referredTableLongName>
<deleteRule>NO ACTION</deleteRule>
<referredTableID>6C2EC747-A0FF-1774-06B8-27A34FA0FDA7</referredTableID>
<keyObject>4EEA7CF2-78CA-37D5-59AF-6AA669E76874</keyObject>
<referredKeyID>4EEA7CF2-78CA-37D5-59AF-6AA669E76874</referredKeyID>
<mandatory>true</mandatory>
<refColNames>id_salud</refColNames>
<transferable>true</transferable>
<rely>false</rely>
<columnDependencyConstraintGenerateInDDL>true</columnDependencyConstraintGenerateInDDL>
</FKIndexAssociation>