<?xml version = '1.0' encoding = 'UTF-8'?>
<FKIndexAssociation class="oracle.dbtools.crest.model.design.relational.FKIndexAssociation" directorySegmentName="seg_0" id="37EB8D4C-9AD0-1409-109C-DA55A64104A1" containerWithKeyObject="0FE8DB1E-4E83-320C-F483-9CF9A6E6BB85" localFKIndex="A39FE409-C5E9-59F6-651F-19DEC572DDD9" name="SOLICITUD_EXAMEN_ATENCION_MEDICA_FK">
<createdBy>FrZxK</createdBy>
<createdTime>2025-09-16 02:04:05 UTC</createdTime>
<generatorID>46031B88-7064-3079-0399-703CDCC8FBEB</generatorID>
<ownerDesignName>Centro Médico Universitario San Rafael</ownerDesignName>
<referredTableLongName>ATENCION_MEDICA</referredTableLongName>
<deleteRule>NO ACTION</deleteRule>
<referredTableID>3EACB134-3776-1BDE-0E73-48C2CF021DF2</referredTableID>
<keyObject>A9E42A45-97BF-59D6-C261-AB7C870F81CC</keyObject>
<referredKeyID>A9E42A45-97BF-59D6-C261-AB7C870F81CC</referredKeyID>
<mandatory>true</mandatory>
<refColNames>id_atencion</refColNames>
<transferable>true</transferable>
<rely>false</rely>
<columnDependencyConstraintGenerateInDDL>true</columnDependencyConstraintGenerateInDDL>
</FKIndexAssociation>