<?xml version = '1.0' encoding = 'UTF-8'?>
<FKIndexAssociation class="oracle.dbtools.crest.model.design.relational.FKIndexAssociation" directorySegmentName="seg_0" id="6C76B5FF-4E27-2C97-8962-32BC777DD54F" containerWithKeyObject="8B60D7FF-5A4A-18EB-A538-C727E1D24165" localFKIndex="45BB58BA-52A8-1D32-594C-D430326B4C87" name="Relation_22_EXAMEN_LABORATORIO_FK">
<createdBy>FrZxK</createdBy>
<createdTime>2025-09-16 01:44:05 UTC</createdTime>
<generatorID>48CF9517-C35C-A4BF-A7B5-F1C26E05FDB4</generatorID>
<ownerDesignName>Centro Médico Universitario San Rafael</ownerDesignName>
<referredTableLongName>EXAMEN_LABORATORIO</referredTableLongName>
<deleteRule>NO ACTION</deleteRule>
<referredTableID>21FF0031-80CE-7DE9-3A15-E12C43571221</referredTableID>
<keyObject>4AFA57D4-D8CE-FA31-C2B3-CDCAACDD5EBA</keyObject>
<referredKeyID>4AFA57D4-D8CE-FA31-C2B3-CDCAACDD5EBA</referredKeyID>
<mandatory>true</mandatory>
<refColNames>id_examen</refColNames>
<transferable>true</transferable>
<rely>false</rely>
<columnDependencyConstraintGenerateInDDL>true</columnDependencyConstraintGenerateInDDL>
</FKIndexAssociation>