<?xml version = '1.0' encoding = 'UTF-8'?>
<FKIndexAssociation class="oracle.dbtools.crest.model.design.relational.FKIndexAssociation" directorySegmentName="seg_0" id="81BCC2C5-B285-C1D3-48B5-2E374EF83509" containerWithKeyObject="0FE8DB1E-4E83-320C-F483-9CF9A6E6BB85" localFKIndex="0D1AD60D-ABEA-D881-CFB4-4E9A108FE81C" name="SOLICITUD_EXAMEN_EXAMEN_LABORATORIO_FK">
<createdBy>FrZxK</createdBy>
<createdTime>2025-09-16 02:04:05 UTC</createdTime>
<generatorID>7DA0F4DB-7C6A-C51C-54A7-7C85DB878844</generatorID>
<ownerDesignName>Centro Médico Universitario San Rafael</ownerDesignName>
<referredTableLongName>EXAMEN_LABORATORIO</referredTableLongName>
<deleteRule>NO ACTION</deleteRule>
<referredTableID>21FF0031-80CE-7DE9-3A15-E12C43571221</referredTableID>
<keyObject>4AFA57D4-D8CE-FA31-C2B3-CDCAACDD5EBA</keyObject>
<referredKeyID>4AFA57D4-D8CE-FA31-C2B3-CDCAACDD5EBA</referredKeyID>
<mandatory>true</mandatory>
<refColNames>id_examen</refColNames>
<transferable>true</transferable>
<rely>false</rely>
<columnDependencyConstraintGenerateInDDL>true</columnDependencyConstraintGenerateInDDL>
</FKIndexAssociation>