<?xml version = '1.0' encoding = 'UTF-8'?>
<FKIndexAssociation class="oracle.dbtools.crest.model.design.relational.FKIndexAssociation" directorySegmentName="seg_0" id="84D51BE3-7374-309A-78D8-BEE6F3E2E93B" containerWithKeyObject="E64ADD20-A5C4-8846-6F5D-CC351ADAF3E2" localFKIndex="A7EAE121-0D83-C21C-0DE2-A9D84AF51363" name="RESULTADO_EXAMEN_SOLICITUD_EXAMEN_FK">
<createdBy>FrZxK</createdBy>
<createdTime>2025-09-16 02:04:05 UTC</createdTime>
<generatorID>21846C53-1658-3D00-722F-955DBD7AC475</generatorID>
<ownerDesignName>Centro Médico Universitario San Rafael</ownerDesignName>
<referredTableLongName>SOLICITUD_EXAMEN</referredTableLongName>
<deleteRule>NO ACTION</deleteRule>
<referredTableID>0FE8DB1E-4E83-320C-F483-9CF9A6E6BB85</referredTableID>
<keyObject>A1525958-F8AD-7906-3D4C-615C9963F461</keyObject>
<referredKeyID>A1525958-F8AD-7906-3D4C-615C9963F461</referredKeyID>
<mandatory>true</mandatory>
<refColNames>id_solicitud</refColNames>
<transferable>true</transferable>
<rely>false</rely>
<columnDependencyConstraintGenerateInDDL>true</columnDependencyConstraintGenerateInDDL>
</FKIndexAssociation>