<?xml version = '1.0' encoding = 'UTF-8'?>
<FKIndexAssociation class="oracle.dbtools.crest.model.design.relational.FKIndexAssociation" directorySegmentName="seg_0" id="A898ABA1-5438-5961-1A1A-DF6955C59947" containerWithKeyObject="A859D347-AF97-860A-A0C4-E5C4B4E5EAFF" localFKIndex="852C4E3D-A1ED-929B-5B03-4EED47E6C8B4" name="PACIENTE_TIPO_USUARIO_FK">
<createdBy>FrZxK</createdBy>
<createdTime>2025-09-16 01:44:05 UTC</createdTime>
<generatorID>D810FDC6-2E4B-254F-58DE-0CBD23B30C1F</generatorID>
<ownerDesignName>Centro Médico Universitario San Rafael</ownerDesignName>
<referredTableLongName>TIPO_USUARIO</referredTableLongName>
<deleteRule>NO ACTION</deleteRule>
<referredTableID>1D1D728D-BADA-5846-036C-E97AFC464BDC</referredTableID>
<keyObject>44D7ADAD-2C8C-B6A3-46B8-325BC74CCA6E</keyObject>
<referredKeyID>44D7ADAD-2C8C-B6A3-46B8-325BC74CCA6E</referredKeyID>
<mandatory>true</mandatory>
<refColNames>id_tipo_usuario</refColNames>
<transferable>true</transferable>
<rely>false</rely>
<columnDependencyConstraintGenerateInDDL>true</columnDependencyConstraintGenerateInDDL>
</FKIndexAssociation>