<?xml version = '1.0' encoding = 'UTF-8'?>
<FKIndexAssociation class="oracle.dbtools.crest.model.design.relational.FKIndexAssociation" directorySegmentName="seg_0" id="AA0ACCE1-7E91-ED08-2A68-395A761D4330" containerWithKeyObject="B0D23C6A-9671-7E99-1C50-38063201719E" localFKIndex="60D367A3-2853-B4D7-DAF2-FAA1A04F7A1E" name="PAGO_METODO_PAGO_FK">
<createdBy>FrZxK</createdBy>
<createdTime>2025-09-16 01:44:05 UTC</createdTime>
<generatorID>1BDDB7AC-A94B-8591-FE2D-3FBE44C3C3D3</generatorID>
<ownerDesignName>Centro Médico Universitario San Rafael</ownerDesignName>
<referredTableLongName>METODO_PAGO</referredTableLongName>
<deleteRule>NO ACTION</deleteRule>
<referredTableID>74B9030D-89E3-0A7D-E2BA-3D0E0CD5B8A8</referredTableID>
<keyObject>724DB971-D06E-D46B-6482-DC9410B7C085</keyObject>
<referredKeyID>724DB971-D06E-D46B-6482-DC9410B7C085</referredKeyID>
<mandatory>true</mandatory>
<refColNames>id_metodo_pago</refColNames>
<transferable>true</transferable>
<rely>false</rely>
<columnDependencyConstraintGenerateInDDL>true</columnDependencyConstraintGenerateInDDL>
</FKIndexAssociation>