<?xml version = '1.0' encoding = 'UTF-8'?>
<FKIndexAssociation class="oracle.dbtools.crest.model.design.relational.FKIndexAssociation" directorySegmentName="seg_0" id="B8812261-27F3-1D2B-AAF9-AB0128E5E27B" containerWithKeyObject="F2194F88-6064-47AD-DEBE-343B37D8CCBD" localFKIndex="8DD98E23-8D96-5797-B72B-D9E5ECBA1A31" name="MEDICO_ESPECIALIDAD_FK">
<createdBy>FrZxK</createdBy>
<createdTime>2025-09-16 01:44:05 UTC</createdTime>
<generatorID>D1942F3C-AC60-2916-C6C2-1E4789D9B789</generatorID>
<ownerDesignName>Centro Médico Universitario San Rafael</ownerDesignName>
<referredTableLongName>ESPECIALIDAD</referredTableLongName>
<deleteRule>NO ACTION</deleteRule>
<referredTableID>4C30DB69-24A6-DBEC-C84E-758D93CC704B</referredTableID>
<keyObject>FD27A9C2-99AE-507D-5332-2105904C2136</keyObject>
<referredKeyID>FD27A9C2-99AE-507D-5332-2105904C2136</referredKeyID>
<mandatory>true</mandatory>
<refColNames>id_especialidad</refColNames>
<transferable>true</transferable>
<rely>false</rely>
<columnDependencyConstraintGenerateInDDL>true</columnDependencyConstraintGenerateInDDL>
</FKIndexAssociation>