<?xml version = '1.0' encoding = 'UTF-8'?>
<FKIndexAssociation class="oracle.dbtools.crest.model.design.relational.FKIndexAssociation" directorySegmentName="seg_0" id="BDBF46CD-2237-97DE-19C0-EF104B5ACF44" containerWithKeyObject="8B60D7FF-5A4A-18EB-A538-C727E1D24165" localFKIndex="1FB60700-C5A8-DF58-02BD-A1A9639EC02B" name="Relation_22_ATENCION_MEDICA_FK">
<createdBy>FrZxK</createdBy>
<createdTime>2025-09-16 01:44:05 UTC</createdTime>
<generatorID>48CF9517-C35C-A4BF-A7B5-F1C26E05FDB4</generatorID>
<ownerDesignName>Centro Médico Universitario San Rafael</ownerDesignName>
<referredTableLongName>ATENCION_MEDICA</referredTableLongName>
<deleteRule>NO ACTION</deleteRule>
<referredTableID>3EACB134-3776-1BDE-0E73-48C2CF021DF2</referredTableID>
<keyObject>A9E42A45-97BF-59D6-C261-AB7C870F81CC</keyObject>
<referredKeyID>A9E42A45-97BF-59D6-C261-AB7C870F81CC</referredKeyID>
<mandatory>true</mandatory>
<refColNames>id_atencion</refColNames>
<transferable>true</transferable>
<rely>false</rely>
<columnDependencyConstraintGenerateInDDL>true</columnDependencyConstraintGenerateInDDL>
</FKIndexAssociation>