<?xml version = '1.0' encoding = 'UTF-8'?>
<FKIndexAssociation class="oracle.dbtools.crest.model.design.relational.FKIndexAssociation" directorySegmentName="seg_0" id="C813389A-1183-B8B4-9380-CBA41BBB4C80" containerWithKeyObject="3EACB134-3776-1BDE-0E73-48C2CF021DF2" localFKIndex="1D77C2EF-5667-1257-BD8D-9CDD94F2F106" name="ATENCION_MEDICA_MEDICO_FK">
<createdBy>FrZxK</createdBy>
<createdTime>2025-09-16 01:44:05 UTC</createdTime>
<generatorID>7B5E12AE-8E4A-6063-CE8A-2AED7D072679</generatorID>
<ownerDesignName>Centro Médico Universitario San Rafael</ownerDesignName>
<referredTableLongName>MEDICO</referredTableLongName>
<deleteRule>NO ACTION</deleteRule>
<referredTableID>F2194F88-6064-47AD-DEBE-343B37D8CCBD</referredTableID>
<keyObject>6748275D-9A98-9C41-7C59-D688E156E049</keyObject>
<referredKeyID>6748275D-9A98-9C41-7C59-D688E156E049</referredKeyID>
<mandatory>true</mandatory>
<refColNames>id_medico</refColNames>
<transferable>true</transferable>
<rely>false</rely>
<columnDependencyConstraintGenerateInDDL>true</columnDependencyConstraintGenerateInDDL>
</FKIndexAssociation>