<?xml version = '1.0' encoding = 'UTF-8'?>
<FKIndexAssociation class="oracle.dbtools.crest.model.design.relational.FKIndexAssociation" directorySegmentName="seg_0" id="EEA538A6-AC77-8EE9-51DA-F87CAB5CB615" containerWithKeyObject="3EACB134-3776-1BDE-0E73-48C2CF021DF2" localFKIndex="E78F2653-C72B-E265-9130-67801E10C7D6" name="ATENCION_MEDICA_PACIENTE_FK">
<createdBy>FrZxK</createdBy>
<createdTime>2025-09-16 01:44:05 UTC</createdTime>
<generatorID>019A2730-4223-8246-F134-3E9C95126C61</generatorID>
<ownerDesignName>Centro Médico Universitario San Rafael</ownerDesignName>
<referredTableLongName>PACIENTE</referredTableLongName>
<deleteRule>NO ACTION</deleteRule>
<referredTableID>A859D347-AF97-860A-A0C4-E5C4B4E5EAFF</referredTableID>
<keyObject>8A12ED07-37C5-137C-8365-97E3F2863CA3</keyObject>
<referredKeyID>8A12ED07-37C5-137C-8365-97E3F2863CA3</referredKeyID>
<mandatory>true</mandatory>
<refColNames>id_paciente</refColNames>
<transferable>true</transferable>
<rely>false</rely>
<columnDependencyConstraintGenerateInDDL>true</columnDependencyConstraintGenerateInDDL>
</FKIndexAssociation>