<?xml version = '1.0' encoding = 'UTF-8'?>
<FKIndexAssociation class="oracle.dbtools.crest.model.design.relational.FKIndexAssociation" directorySegmentName="seg_0" id="F313F937-3055-33B2-F5A9-7E745AF774F1" containerWithKeyObject="2CE1FD09-460C-17AD-BFDC-A47D93182417" localFKIndex="9C6ABC48-0297-523D-1978-8240BC0511AC" name="COMUNA_REGION_FK">
<createdBy>FrZxK</createdBy>
<createdTime>2025-09-16 01:02:13 UTC</createdTime>
<generatorID>8F677D2E-71B2-3227-44DA-EC1BD17F3A59</generatorID>
<ownerDesignName>Centro Médico Universitario San Rafael</ownerDesignName>
<referredTableLongName>REGION</referredTableLongName>
<deleteRule>NO ACTION</deleteRule>
<referredTableID>8EB4ACEF-6A6A-7277-0D54-C0BA7657E851</referredTableID>
<keyObject>514CB781-21C9-BE0E-485B-AB85D454B764</keyObject>
<referredKeyID>514CB781-21C9-BE0E-485B-AB85D454B764</referredKeyID>
<mandatory>true</mandatory>
<refColNames>id_region</refColNames>
<transferable>true</transferable>
<rely>false</rely>
<columnDependencyConstraintGenerateInDDL>true</columnDependencyConstraintGenerateInDDL>
</FKIndexAssociation>