<?xml version = '1.0' encoding = 'UTF-8'?>
<Diagram class="oracle.dbtools.crest.swingui.logical.DPVLogical" name="Logical" id="2D83D1D5-8AE1-2E7E-F0CF-420997EA52D7">
<createdBy>FrZxK</createdBy>
<modifiedBy>FrZxK</modifiedBy>
<createdTime>2025-09-16 00:09:25 UTC</createdTime>
<autoRoute>false</autoRoute>
<boxInbox>true</boxInbox>
<showLegend>false</showLegend>
<showLabels>false</showLabels>
<showRelAttributes>false</showRelAttributes>
<gridEnabled>false</gridEnabled>
<showGrid>false</showGrid>
<diagramColor>-1</diagramColor>
<display>false</display>
<notation>1</notation>
<objectViews>
<OView class="oracle.dbtools.crest.swingui.logical.TVEntity" oid="216FA1F1-84F3-D793-970D-4870228B606A" otype="Entity" vid="BC2C7E65-90E6-C372-3B1D-C7A11E28B1D4">
<hideElementsInCurrentOnly>false</hideElementsInCurrentOnly>
<bounds x="70" y="511" width="207" height="106"/>
</OView>
<OView class="oracle.dbtools.crest.swingui.logical.TVEntity" oid="25B03D2A-AA26-9DF5-3266-9453655878A0" otype="Entity" vid="7FAAE71C-6015-BAAE-5D31-1CD7A3234806">
<hideElementsInCurrentOnly>false</hideElementsInCurrentOnly>
<bounds x="1043" y="296" width="191" height="106"/>
</OView>
<OView class="oracle.dbtools.crest.swingui.logical.TVEntity" oid="2A9158A6-2847-CC91-A4D9-AF1198E30D2B" otype="Entity" vid="5E078A31-4AA1-8CEF-BBA2-1BE8FF995700">
<hideElementsInCurrentOnly>false</hideElementsInCurrentOnly>
<bounds x="739" y="697" width="242" height="158"/>
</OView>
<OView class="oracle.dbtools.crest.swingui.logical.TVEntity" oid="36CB5438-BC00-6AB4-FF33-176D3808A8A8" otype="Entity" vid="B84F04EA-8094-A1EA-5DEE-076266D602E1">
<hideElementsInCurrentOnly>false</hideElementsInCurrentOnly>
<bounds x="66" y="292" width="221" height="149"/>
</OView>
<OView class="oracle.dbtools.crest.swingui.logical.TVEntity" oid="3A11C24E-FE0B-1402-7C10-9DFDB7E72997" otype="Entity" vid="440564EC-2678-8FFC-E6A5-A3C578669DB0">
<hideElementsInCurrentOnly>false</hideElementsInCurrentOnly>
<bounds x="392" y="699" width="275" height="153"/>
</OView>
<OView class="oracle.dbtools.crest.swingui.logical.TVEntity" oid="4AC75474-5E40-3085-3E46-8DF7DD4020F7" otype="Entity" vid="70750C00-CBC6-81B4-AD61-C261FFA23DC1">
<hideElementsInCurrentOnly>false</hideElementsInCurrentOnly>
<bounds x="926" y="36" width="216" height="134"/>
</OView>
<OView class="oracle.dbtools.crest.swingui.logical.TVEntity" oid="57B490A5-D7D6-6EE5-5919-699BEB04D959" otype="Entity" vid="D85A2D4E-1FB3-026C-13E3-C721DB6A85EA">
<hideElementsInCurrentOnly>false</hideElementsInCurrentOnly>
<bounds x="750" y="456" width="237" height="199"/>
</OView>
<OView class="oracle.dbtools.crest.swingui.logical.TVEntity" oid="59965952-1C51-50B2-DEDE-8D7758B8AAAA" otype="Entity" vid="925DF04D-55AB-01BD-8562-DC24E2F3E934">
<hideElementsInCurrentOnly>false</hideElementsInCurrentOnly>
<bounds x="639" y="16" width="213" height="181"/>
</OView>
<OView class="oracle.dbtools.crest.swingui.logical.TVEntity" oid="75788336-87FA-A074-0F1F-98936AFFEFCA" otype="Entity" vid="B6F039CD-8EAE-53EB-84E7-A3EDF545E15B">
<hideElementsInCurrentOnly>false</hideElementsInCurrentOnly>
<bounds x="375" y="60" width="205" height="92"/>
</OView>
<OView class="oracle.dbtools.crest.swingui.logical.TVEntity" oid="9457D4AA-50F4-C7C1-0E3C-E49676F6C259" otype="Entity" vid="756DA22A-DBE2-FDB5-0928-B48EE7A1B855">
<hideElementsInCurrentOnly>false</hideElementsInCurrentOnly>
<bounds x="714" y="244" width="232" height="140"/>
</OView>
<OView class="oracle.dbtools.crest.swingui.logical.TVEntity" oid="948DEF3C-1EBD-DAC4-3199-971E19F62947" otype="Entity" vid="C2A4EE7C-5641-51F9-C6AE-A4CAD47F988C">
<hideElementsInCurrentOnly>false</hideElementsInCurrentOnly>
<bounds x="25" y="18" width="269" height="221"/>
</OView>
<OView class="oracle.dbtools.crest.swingui.logical.TVEntity" oid="A3070095-32DD-563A-0C9C-31D28136C0D6" otype="Entity" vid="CBAEE5C8-D7E8-0316-52C5-41A757C0601B">
<hideElementsInCurrentOnly>false</hideElementsInCurrentOnly>
<bounds x="61" y="668" width="255" height="155"/>
</OView>
<OView class="oracle.dbtools.crest.swingui.logical.TVEntity" oid="C5EB4939-ECCC-58F6-2BA8-33AD23CE9993" otype="Entity" vid="44A37CDC-0B28-55C9-9B6F-FD8653B213CC">
<hideElementsInCurrentOnly>false</hideElementsInCurrentOnly>
<bounds x="1044" y="476" width="206" height="106"/>
</OView>
<OView class="oracle.dbtools.crest.swingui.logical.TVEntity" oid="CDD1FECC-6373-7DD2-F5CA-9A841B1D7763" otype="Entity" vid="7B321559-5CA7-2185-113D-A3790A3B2600">
<hideElementsInCurrentOnly>false</hideElementsInCurrentOnly>
<bounds x="471" y="516" width="230" height="147"/>
</OView>
<OView class="oracle.dbtools.crest.swingui.logical.TVEntity" oid="F45E2E90-D881-831F-45DE-DD12854AF3E1" otype="Entity" vid="E1CFFD72-A4FA-85E8-5674-C532881BE269">
<hideElementsInCurrentOnly>false</hideElementsInCurrentOnly>
<bounds x="350" y="247" width="260" height="222"/>
</OView>
</objectViews>
<connectors>
<Connector class="oracle.dbtools.crest.swingui.logical.TVRelation" oid="019A2730-4223-8246-F134-3E9C95126C61" otype="Relation" vid_source="C2A4EE7C-5641-51F9-C6AE-A4CAD47F988C" vid_target="E1CFFD72-A4FA-85E8-5674-C532881BE269">
<hideElementsInCurrentOnly>false</hideElementsInCurrentOnly>
<backgroundColor>-16777216</backgroundColor>
<lineWidth>1</lineWidth>
<points>
<point x="294" y="224"/>
<point x="350" y="264"/>
</points>
</Connector>
<Connector class="oracle.dbtools.crest.swingui.logical.TVRelation" oid="08D9B2F9-DDE8-41BC-6D31-B1AC5581B46A" otype="Relation" vid_source="E1CFFD72-A4FA-85E8-5674-C532881BE269" vid_target="925DF04D-55AB-01BD-8562-DC24E2F3E934">
<hideElementsInCurrentOnly>false</hideElementsInCurrentOnly>
<backgroundColor>-16777216</backgroundColor>
<lineWidth>1</lineWidth>
<points>
<point x="597" y="247"/>
<point x="649" y="197"/>
</points>
</Connector>
<Connector class="oracle.dbtools.crest.swingui.logical.TVRelation" oid="09FC49A3-BFB5-2C65-75FA-2269568CFD83" otype="Relation" vid_source="44A37CDC-0B28-55C9-9B6F-FD8653B213CC" vid_target="D85A2D4E-1FB3-026C-13E3-C721DB6A85EA">
<hideElementsInCurrentOnly>false</hideElementsInCurrentOnly>
<backgroundColor>-16777216</backgroundColor>
<lineWidth>1</lineWidth>
<points>
<point x="1044" y="529"/>
<point x="987" y="529"/>
</points>
</Connector>
<Connector class="oracle.dbtools.crest.swingui.logical.TVRelation" oid="1BDDB7AC-A94B-8591-FE2D-3FBE44C3C3D3" otype="Relation" vid_source="70750C00-CBC6-81B4-AD61-C261FFA23DC1" vid_target="925DF04D-55AB-01BD-8562-DC24E2F3E934">
<hideElementsInCurrentOnly>false</hideElementsInCurrentOnly>
<backgroundColor>-16777216</backgroundColor>
<lineWidth>1</lineWidth>
<points>
<point x="926" y="103"/>
<point x="852" y="103"/>
</points>
</Connector>
<Connector class="oracle.dbtools.crest.swingui.logical.TVRelation" oid="21846C53-1658-3D00-722F-955DBD7AC475" otype="Relation" vid_source="440564EC-2678-8FFC-E6A5-A3C578669DB0" vid_target="5E078A31-4AA1-8CEF-BBA2-1BE8FF995700">
<hideElementsInCurrentOnly>false</hideElementsInCurrentOnly>
<backgroundColor>-16777216</backgroundColor>
<lineWidth>1</lineWidth>
<points>
<point x="667" y="775"/>
<point x="739" y="775"/>
</points>
</Connector>
<Connector class="oracle.dbtools.crest.swingui.logical.TVRelation" oid="2EA85B1D-2AB5-6E01-3FF1-4BFAB4CA2C83" otype="Relation" vid_source="D85A2D4E-1FB3-026C-13E3-C721DB6A85EA" vid_target="D85A2D4E-1FB3-026C-13E3-C721DB6A85EA">
<hideElementsInCurrentOnly>false</hideElementsInCurrentOnly>
<backgroundColor>-16777216</backgroundColor>
<lineWidth>1</lineWidth>
<points>
<point x="987" y="621"/>
<point x="1058" y="621"/>
<point x="1106" y="637"/>
<point x="1058" y="649"/>
<point x="987" y="649"/>
</points>
</Connector>
<Connector class="oracle.dbtools.crest.swingui.logical.TVRelation" oid="3729ACAE-4C34-1D0D-C733-1738B56BCBA0" otype="Relation" vid_source="7FAAE71C-6015-BAAE-5D31-1CD7A3234806" vid_target="D85A2D4E-1FB3-026C-13E3-C721DB6A85EA">
<hideElementsInCurrentOnly>false</hideElementsInCurrentOnly>
<backgroundColor>-16777216</backgroundColor>
<lineWidth>1</lineWidth>
<points>
<point x="1069" y="402"/>
<point x="987" y="464"/>
</points>
</Connector>
<Connector class="oracle.dbtools.crest.swingui.logical.TVRelation" oid="3C6D1B36-135E-2211-925E-52181E0E59C2" otype="Relation" vid_source="B84F04EA-8094-A1EA-5DEE-076266D602E1" vid_target="C2A4EE7C-5641-51F9-C6AE-A4CAD47F988C">
<hideElementsInCurrentOnly>false</hideElementsInCurrentOnly>
<backgroundColor>-16777216</backgroundColor>
<lineWidth>1</lineWidth>
<points>
<point x="176" y="292"/>
<point x="176" y="239"/>
</points>
</Connector>
<Connector class="oracle.dbtools.crest.swingui.logical.TVRelation" oid="46031B88-7064-3079-0399-703CDCC8FBEB" otype="Relation" vid_source="E1CFFD72-A4FA-85E8-5674-C532881BE269" vid_target="440564EC-2678-8FFC-E6A5-A3C578669DB0">
<hideElementsInCurrentOnly>false</hideElementsInCurrentOnly>
<backgroundColor>-16777216</backgroundColor>
<lineWidth>1</lineWidth>
<points>
<point x="431" y="469"/>
<point x="433" y="699"/>
</points>
</Connector>
<Connector class="oracle.dbtools.crest.swingui.logical.TVRelation" oid="7B5E12AE-8E4A-6063-CE8A-2AED7D072679" otype="Relation" vid_source="D85A2D4E-1FB3-026C-13E3-C721DB6A85EA" vid_target="E1CFFD72-A4FA-85E8-5674-C532881BE269">
<hideElementsInCurrentOnly>false</hideElementsInCurrentOnly>
<backgroundColor>-16777216</backgroundColor>
<lineWidth>1</lineWidth>
<points>
<point x="750" y="462"/>
<point x="610" y="462"/>
</points>
</Connector>
<Connector class="oracle.dbtools.crest.swingui.logical.TVRelation" oid="7DA0F4DB-7C6A-C51C-54A7-7C85DB878844" otype="Relation" vid_source="CBAEE5C8-D7E8-0316-52C5-41A757C0601B" vid_target="440564EC-2678-8FFC-E6A5-A3C578669DB0">
<hideElementsInCurrentOnly>false</hideElementsInCurrentOnly>
<backgroundColor>-16777216</backgroundColor>
<lineWidth>1</lineWidth>
<points>
<point x="316" y="746"/>
<point x="392" y="746"/>
</points>
</Connector>
<Connector class="oracle.dbtools.crest.swingui.logical.TVRelation" oid="8ECA06AB-0FC9-3887-8872-8D620E64C37C" otype="Relation" vid_source="7B321559-5CA7-2185-113D-A3790A3B2600" vid_target="E1CFFD72-A4FA-85E8-5674-C532881BE269">
<hideElementsInCurrentOnly>false</hideElementsInCurrentOnly>
<backgroundColor>-16777216</backgroundColor>
<lineWidth>1</lineWidth>
<points>
<point x="555" y="516"/>
<point x="555" y="469"/>
</points>
</Connector>
<Connector class="oracle.dbtools.crest.swingui.logical.TVRelation" oid="8F677D2E-71B2-3227-44DA-EC1BD17F3A59" otype="Relation" vid_source="BC2C7E65-90E6-C372-3B1D-C7A11E28B1D4" vid_target="B84F04EA-8094-A1EA-5DEE-076266D602E1">
<hideElementsInCurrentOnly>false</hideElementsInCurrentOnly>
<backgroundColor>-16777216</backgroundColor>
<lineWidth>1</lineWidth>
<points>
<point x="173" y="511"/>
<point x="173" y="441"/>
</points>
</Connector>
<Connector class="oracle.dbtools.crest.swingui.logical.TVRelation" oid="D1942F3C-AC60-2916-C6C2-1E4789D9B789" otype="Relation" vid_source="756DA22A-DBE2-FDB5-0928-B48EE7A1B855" vid_target="D85A2D4E-1FB3-026C-13E3-C721DB6A85EA">
<hideElementsInCurrentOnly>false</hideElementsInCurrentOnly>
<backgroundColor>-16777216</backgroundColor>
<lineWidth>1</lineWidth>
<points>
<point x="863" y="384"/>
<point x="863" y="456"/>
</points>
</Connector>
<Connector class="oracle.dbtools.crest.swingui.logical.TVRelation" oid="D810FDC6-2E4B-254F-58DE-0CBD23B30C1F" otype="Relation" vid_source="B6F039CD-8EAE-53EB-84E7-A3EDF545E15B" vid_target="C2A4EE7C-5641-51F9-C6AE-A4CAD47F988C">
<hideElementsInCurrentOnly>false</hideElementsInCurrentOnly>
<backgroundColor>-16777216</backgroundColor>
<lineWidth>1</lineWidth>
<points>
<point x="375" y="121"/>
<point x="294" y="121"/>
</points>
</Connector>
</connectors>
</Diagram>