<?xml version = '1.0' encoding = 'UTF-8'?>
<Table class="oracle.dbtools.crest.model.design.relational.Table" directorySegmentName="seg_0" id="0FE8DB1E-4E83-320C-F483-9CF9A6E6BB85" name="SOLICITUD_EXAMEN">
<createdBy>FrZxK</createdBy>
<createdTime>2025-09-16 02:04:05 UTC</createdTime>
<generatorID>3A11C24E-FE0B-1402-7C10-9DFDB7E72997</generatorID>
<ownerDesignName>Centro Médico Universitario San Rafael</ownerDesignName>
<allowColumnReorder>false</allowColumnReorder>
<existDependencyGenerateInDDl>true</existDependencyGenerateInDDl>
<parsed>true</parsed>
<columns itemClass="oracle.dbtools.crest.model.design.relational.Column">
<Column name="id_solicitud" id="A9BA8B10-2F2B-6413-7DDA-AD9CB51A0018">
<createdBy>FrZxK</createdBy>
<createdTime>2025-09-16 02:04:05 UTC</createdTime>
<generatorID>06285364-88BB-3A56-8A94-5B853E248176</generatorID>
<ownerDesignName>Centro Médico Universitario San Rafael</ownerDesignName>
<useDomainConstraints>false</useDomainConstraints>
<use>1</use>
<logicalDatatype>LOGDT019</logicalDatatype>
<dataTypePrecision>15</dataTypePrecision>
<ownDataTypeParameters>,15,</ownDataTypeParameters>
<autoIncrementCycle>false</autoIncrementCycle>
</Column>
<Column name="fecha_solicitud" id="9C819FE4-03B7-2180-44E6-3F15AB01A62D">
<createdBy>FrZxK</createdBy>
<createdTime>2025-09-16 02:04:05 UTC</createdTime>
<generatorID>C3703302-4EE6-9D9E-07E8-3EDFD7535598</generatorID>
<ownerDesignName>Centro Médico Universitario San Rafael</ownerDesignName>
<useDomainConstraints>false</useDomainConstraints>
<use>1</use>
<logicalDatatype>LOGDT007</logicalDatatype>
<ownDataTypeParameters>,,</ownDataTypeParameters>
<autoIncrementCycle>false</autoIncrementCycle>
</Column>
<Column name="estado" id="CB5E167C-79EB-6A79-C781-3009234889D3">
<createdBy>FrZxK</createdBy>
<createdTime>2025-09-16 02:04:05 UTC</createdTime>
<commentInRDBMS><![CDATA[DEFAULT 'S' 
CHECK (estado IN ('S','R','C')),]]></commentInRDBMS>
<generatorID>5B14C1B3-ECBE-9F30-4AA6-E7F5506CB569</generatorID>
<ownerDesignName>Centro Médico Universitario San Rafael</ownerDesignName>
<nullsAllowed>true</nullsAllowed>
<useDomainConstraints>false</useDomainConstraints>
<use>1</use>
<logicalDatatype>LOGDT025</logicalDatatype>
<dataTypeSize>1</dataTypeSize>
<ownDataTypeParameters>1,,</ownDataTypeParameters>
<autoIncrementCycle>false</autoIncrementCycle>
</Column>
<Column name="instrucciones_especiales" id="6DB77EC8-4783-FE4C-A0C7-78DD2C7230DE">
<createdBy>FrZxK</createdBy>
<createdTime>2025-09-16 02:04:05 UTC</createdTime>
<generatorID>A379375E-3778-F991-2328-7E796A1B9E60</generatorID>
<ownerDesignName>Centro Médico Universitario San Rafael</ownerDesignName>
<nullsAllowed>true</nullsAllowed>
<useDomainConstraints>false</useDomainConstraints>
<use>1</use>
<logicalDatatype>LOGDT024</logicalDatatype>
<dataTypeSize>200</dataTypeSize>
<ownDataTypeParameters>200,,</ownDataTypeParameters>
<autoIncrementCycle>false</autoIncrementCycle>
</Column>
<Column name="ATENCION_MEDICA_id_atencion" id="7D83ACC7-1DB5-1A6B-3CF5-A17F3462A723">
<createdBy>FrZxK</createdBy>
<createdTime>2025-09-16 02:04:05 UTC</createdTime>
<generatorID>74385A40-CCC7-EDC9-64E3-499A20EFF9EF</generatorID>
<ownerDesignName>Centro Médico Universitario San Rafael</ownerDesignName>
<useDomainConstraints>false</useDomainConstraints>
<use>1</use>
<logicalDatatype>LOGDT019</logicalDatatype>
<dataTypePrecision>15</dataTypePrecision>
<ownDataTypeParameters>,,</ownDataTypeParameters>
<previousColumn>false</previousColumn>
<autoIncrementCycle>false</autoIncrementCycle>
<associations>
<colAssociation fkAssociation="37EB8D4C-9AD0-1409-109C-DA55A64104A1" referredColumn="EA318662-3AC6-AE82-02CE-2486627D3D8E"/>
</associations>
</Column>
<Column name="EXAMEN_LABORATORIO_id_examen" id="628ABD05-D98B-CB2F-E782-9BD00C8EA061">
<createdBy>FrZxK</createdBy>
<createdTime>2025-09-16 02:04:05 UTC</createdTime>
<generatorID>D93A1281-AA55-62C8-E385-7FE7E0C4032E</generatorID>
<ownerDesignName>Centro Médico Universitario San Rafael</ownerDesignName>
<useDomainConstraints>false</useDomainConstraints>
<use>1</use>
<logicalDatatype>LOGDT019</logicalDatatype>
<dataTypePrecision>5</dataTypePrecision>
<ownDataTypeParameters>,,</ownDataTypeParameters>
<previousColumn>false</previousColumn>
<autoIncrementCycle>false</autoIncrementCycle>
<associations>
<colAssociation fkAssociation="81BCC2C5-B285-C1D3-48B5-2E374EF83509" referredColumn="3FDCF66F-CCA8-05CD-763B-7CF0952992AC"/>
</associations>
</Column>
</columns>
<indexes itemClass="oracle.dbtools.crest.model.design.relational.Index">
<ind_PK_UK id="A1525958-F8AD-7906-3D4C-615C9963F461" name="SOLICITUD_EXAMEN_PK">
<createdBy>FrZxK</createdBy>
<createdTime>2025-09-16 02:04:05 UTC</createdTime>
<generatorID>54E60978-5155-2F35-39A8-9F7A12853446</generatorID>
<ownerDesignName>Centro Médico Universitario San Rafael</ownerDesignName>
<pk>true</pk>
<indexState>Primary Constraint</indexState>
<isSurrogateKey>false</isSurrogateKey>
<indexColumnUsage>
<colUsage columnID="A9BA8B10-2F2B-6413-7DDA-AD9CB51A0018"/>
</indexColumnUsage>
</ind_PK_UK>
<ind_PK_UK id="A39FE409-C5E9-59F6-651F-19DEC572DDD9" name="SOLICITUD_EXAMEN_ATENCION_MEDICA_FK">
<createdBy>FrZxK</createdBy>
<createdTime>2025-09-16 02:04:05 UTC</createdTime>
<generatorID>46031B88-7064-3079-0399-703CDCC8FBEB</generatorID>
<ownerDesignName>Centro Médico Universitario San Rafael</ownerDesignName>
<indexState>Foreign Key</indexState>
<isSurrogateKey>false</isSurrogateKey>
<indexColumnUsage>
<colUsage columnID="7D83ACC7-1DB5-1A6B-3CF5-A17F3462A723"/>
</indexColumnUsage>
</ind_PK_UK>
<ind_PK_UK id="0D1AD60D-ABEA-D881-CFB4-4E9A108FE81C" name="SOLICITUD_EXAMEN_EXAMEN_LABORATORIO_FK">
<createdBy>FrZxK</createdBy>
<createdTime>2025-09-16 02:04:05 UTC</createdTime>
<generatorID>7DA0F4DB-7C6A-C51C-54A7-7C85DB878844</generatorID>
<ownerDesignName>Centro Médico Universitario San Rafael</ownerDesignName>
<indexState>Foreign Key</indexState>
<isSurrogateKey>false</isSurrogateKey>
<indexColumnUsage>
<colUsage columnID="628ABD05-D98B-CB2F-E782-9BD00C8EA061"/>
</indexColumnUsage>
</ind_PK_UK>
</indexes>
</Table>