<?xml version = '1.0' encoding = 'UTF-8'?>
<Table class="oracle.dbtools.crest.model.design.relational.Table" directorySegmentName="seg_0" id="2CE1FD09-460C-17AD-BFDC-A47D93182417" name="COMUNA">
<createdBy>FrZxK</createdBy>
<createdTime>2025-09-16 01:02:13 UTC</createdTime>
<generatorID>36CB5438-BC00-6AB4-FF33-176D3808A8A8</generatorID>
<ownerDesignName>Centro Médico Universitario San Rafael</ownerDesignName>
<allowColumnReorder>false</allowColumnReorder>
<existDependencyGenerateInDDl>true</existDependencyGenerateInDDl>
<parsed>true</parsed>
<columns itemClass="oracle.dbtools.crest.model.design.relational.Column">
<Column name="id_comuna" id="4AE3A469-A332-40C0-6645-B2B70C334399">
<createdBy>FrZxK</createdBy>
<createdTime>2025-09-16 01:02:13 UTC</createdTime>
<generatorID>FBB6E88F-3F7F-DA1F-AD33-ACEE9625742A</generatorID>
<ownerDesignName>Centro Médico Universitario San Rafael</ownerDesignName>
<useDomainConstraints>false</useDomainConstraints>
<use>1</use>
<logicalDatatype>LOGDT019</logicalDatatype>
<dataTypePrecision>5</dataTypePrecision>
<ownDataTypeParameters>,5,</ownDataTypeParameters>
<autoIncrementCycle>false</autoIncrementCycle>
</Column>
<Column name="nombre_comuna" id="E9E3CC90-4E47-68A1-7F41-669450241BDD">
<createdBy>FrZxK</createdBy>
<createdTime>2025-09-16 01:02:13 UTC</createdTime>
<generatorID>AFF174AA-1F57-E019-DE93-0D9A9E0137C9</generatorID>
<ownerDesignName>Centro Médico Universitario San Rafael</ownerDesignName>
<useDomainConstraints>false</useDomainConstraints>
<use>1</use>
<logicalDatatype>LOGDT024</logicalDatatype>
<dataTypeSize>50</dataTypeSize>
<ownDataTypeParameters>50,,</ownDataTypeParameters>
<autoIncrementCycle>false</autoIncrementCycle>
</Column>
<Column name="REGION_id_region" id="9181D9CA-C241-3B8E-1A23-63D735598F48">
<createdBy>FrZxK</createdBy>
<createdTime>2025-09-16 01:02:13 UTC</createdTime>
<generatorID>CB1F91EA-FB1E-D438-3B95-951C2162F453</generatorID>
<ownerDesignName>Centro Médico Universitario San Rafael</ownerDesignName>
<useDomainConstraints>false</useDomainConstraints>
<use>1</use>
<logicalDatatype>LOGDT019</logicalDatatype>
<dataTypePrecision>3</dataTypePrecision>
<ownDataTypeParameters>,,</ownDataTypeParameters>
<previousColumn>false</previousColumn>
<autoIncrementCycle>false</autoIncrementCycle>
<associations>
<colAssociation fkAssociation="F313F937-3055-33B2-F5A9-7E745AF774F1" referredColumn="2D8B8133-E85E-DA09-206A-F0859CFFC533"/>
</associations>
</Column>
</columns>
<indexes itemClass="oracle.dbtools.crest.model.design.relational.Index">
<ind_PK_UK id="CC5DB212-EED9-6346-797C-0A51D35636D7" name="COMUNA_PK">
<createdBy>FrZxK</createdBy>
<createdTime>2025-09-16 01:02:13 UTC</createdTime>
<generatorID>B2BCDB66-A533-5E44-C25B-5E58B8C6C04B</generatorID>
<ownerDesignName>Centro Médico Universitario San Rafael</ownerDesignName>
<pk>true</pk>
<indexState>Primary Constraint</indexState>
<isSurrogateKey>false</isSurrogateKey>
<indexColumnUsage>
<colUsage columnID="4AE3A469-A332-40C0-6645-B2B70C334399"/>
</indexColumnUsage>
</ind_PK_UK>
<ind_PK_UK id="9C6ABC48-0297-523D-1978-8240BC0511AC" name="COMUNA_REGION_FK">
<createdBy>FrZxK</createdBy>
<createdTime>2025-09-16 01:02:13 UTC</createdTime>
<generatorID>8F677D2E-71B2-3227-44DA-EC1BD17F3A59</generatorID>
<ownerDesignName>Centro Médico Universitario San Rafael</ownerDesignName>
<indexState>Foreign Key</indexState>
<isSurrogateKey>false</isSurrogateKey>
<indexColumnUsage>
<colUsage columnID="9181D9CA-C241-3B8E-1A23-63D735598F48"/>
</indexColumnUsage>
</ind_PK_UK>
</indexes>
</Table>