<?xml version = '1.0' encoding = 'UTF-8'?>
<Table class="oracle.dbtools.crest.model.design.relational.Table" directorySegmentName="seg_0" id="4C30DB69-24A6-DBEC-C84E-758D93CC704B" name="ESPECIALIDAD">
<createdBy>FrZxK</createdBy>
<createdTime>2025-09-16 01:02:13 UTC</createdTime>
<generatorID>9457D4AA-50F4-C7C1-0E3C-E49676F6C259</generatorID>
<ownerDesignName>Centro Médico Universitario San Rafael</ownerDesignName>
<allowColumnReorder>false</allowColumnReorder>
<existDependencyGenerateInDDl>true</existDependencyGenerateInDDl>
<parsed>true</parsed>
<columns itemClass="oracle.dbtools.crest.model.design.relational.Column">
<Column name="id_especialidad" id="647B0379-3F38-1789-041B-5D04B4526D7A">
<createdBy>FrZxK</createdBy>
<createdTime>2025-09-16 01:44:05 UTC</createdTime>
<generatorID>CEFE7323-4C32-E406-77C8-E36F4F2B49F9</generatorID>
<ownerDesignName>Centro Médico Universitario San Rafael</ownerDesignName>
<useDomainConstraints>false</useDomainConstraints>
<use>1</use>
<logicalDatatype>LOGDT019</logicalDatatype>
<dataTypePrecision>3</dataTypePrecision>
<ownDataTypeParameters>,3,</ownDataTypeParameters>
<autoIncrementCycle>false</autoIncrementCycle>
</Column>
<Column name="nombre_especialidad" id="F2CA7F10-0ACC-B927-E83A-D4B58971731B">
<createdBy>FrZxK</createdBy>
<createdTime>2025-09-16 01:44:05 UTC</createdTime>
<comment><![CDATA[Medicina General, Salud Mental, etc.]]></comment>
<generatorID>0BE2FC26-0146-BC6F-1ED3-B28C194D7CE7</generatorID>
<ownerDesignName>Centro Médico Universitario San Rafael</ownerDesignName>
<useDomainConstraints>false</useDomainConstraints>
<use>1</use>
<logicalDatatype>LOGDT024</logicalDatatype>
<dataTypeSize>50</dataTypeSize>
<ownDataTypeParameters>50,,</ownDataTypeParameters>
<autoIncrementCycle>false</autoIncrementCycle>
</Column>
<Column name="descripcion" id="9CB5DF15-991D-B8BB-994B-A390502187F0">
<createdBy>FrZxK</createdBy>
<createdTime>2025-09-16 01:44:05 UTC</createdTime>
<generatorID>D60CC92C-1047-9A40-0D29-195302458E01</generatorID>
<ownerDesignName>Centro Médico Universitario San Rafael</ownerDesignName>
<nullsAllowed>true</nullsAllowed>
<useDomainConstraints>false</useDomainConstraints>
<use>1</use>
<logicalDatatype>LOGDT024</logicalDatatype>
<dataTypeSize>200</dataTypeSize>
<ownDataTypeParameters>200,,</ownDataTypeParameters>
<autoIncrementCycle>false</autoIncrementCycle>
</Column>
</columns>
<indexes itemClass="oracle.dbtools.crest.model.design.relational.Index">
<ind_PK_UK id="FD27A9C2-99AE-507D-5332-2105904C2136" name="ESPECIALIDAD_PKv1">
<createdBy>FrZxK</createdBy>
<createdTime>2025-09-16 01:44:05 UTC</createdTime>
<generatorID>C402559F-9B2A-FB06-1FB0-EB97679D26CE</generatorID>
<ownerDesignName>Centro Médico Universitario San Rafael</ownerDesignName>
<pk>true</pk>
<indexState>Primary Constraint</indexState>
<isSurrogateKey>false</isSurrogateKey>
<indexColumnUsage>
<colUsage columnID="647B0379-3F38-1789-041B-5D04B4526D7A"/>
</indexColumnUsage>
</ind_PK_UK>
</indexes>
</Table>