<?xml version = '1.0' encoding = 'UTF-8'?>
<Table class="oracle.dbtools.crest.model.design.relational.Table" directorySegmentName="seg_0" id="74B9030D-89E3-0A7D-E2BA-3D0E0CD5B8A8" name="METODO_PAGO">
<createdBy>FrZxK</createdBy>
<createdTime>2025-09-16 01:02:13 UTC</createdTime>
<generatorID>4AC75474-5E40-3085-3E46-8DF7DD4020F7</generatorID>
<ownerDesignName>Centro Médico Universitario San Rafael</ownerDesignName>
<allowColumnReorder>false</allowColumnReorder>
<existDependencyGenerateInDDl>true</existDependencyGenerateInDDl>
<parsed>true</parsed>
<columns itemClass="oracle.dbtools.crest.model.design.relational.Column">
<Column name="id_metodo_pago" id="07192610-01DC-11F8-8E22-05C66AD7EF46">
<createdBy>FrZxK</createdBy>
<createdTime>2025-09-16 01:02:13 UTC</createdTime>
<generatorID>D9DE2F0F-0B91-FA98-D1DD-1ED78E2A9E9A</generatorID>
<ownerDesignName>Centro Médico Universitario San Rafael</ownerDesignName>
<useDomainConstraints>false</useDomainConstraints>
<use>1</use>
<logicalDatatype>LOGDT019</logicalDatatype>
<dataTypePrecision>2</dataTypePrecision>
<ownDataTypeParameters>,2,</ownDataTypeParameters>
<autoIncrementCycle>false</autoIncrementCycle>
</Column>
<Column name="nombre_metodo" id="D0235AD2-BE4C-2FDD-B58E-4AA0285E0D41">
<createdBy>FrZxK</createdBy>
<createdTime>2025-09-16 01:02:13 UTC</createdTime>
<comment><![CDATA[Efectivo, Tarjeta, Convenio]]></comment>
<generatorID>564A56F8-4AB3-CBE5-233B-5F58B73CF641</generatorID>
<ownerDesignName>Centro Médico Universitario San Rafael</ownerDesignName>
<useDomainConstraints>false</useDomainConstraints>
<use>1</use>
<logicalDatatype>LOGDT024</logicalDatatype>
<dataTypeSize>20</dataTypeSize>
<ownDataTypeParameters>20,,</ownDataTypeParameters>
<autoIncrementCycle>false</autoIncrementCycle>
</Column>
<Column name="descripcion" id="E651C96D-A0AF-090B-E199-41956C4904DC">
<createdBy>FrZxK</createdBy>
<createdTime>2025-09-16 01:02:13 UTC</createdTime>
<generatorID>7C79A4CA-A7F8-2A2D-74AC-8285D32BEC18</generatorID>
<ownerDesignName>Centro Médico Universitario San Rafael</ownerDesignName>
<nullsAllowed>true</nullsAllowed>
<useDomainConstraints>false</useDomainConstraints>
<use>1</use>
<logicalDatatype>LOGDT024</logicalDatatype>
<dataTypeSize>100</dataTypeSize>
<ownDataTypeParameters>100,,</ownDataTypeParameters>
<autoIncrementCycle>false</autoIncrementCycle>
</Column>
</columns>
<indexes itemClass="oracle.dbtools.crest.model.design.relational.Index">
<ind_PK_UK id="724DB971-D06E-D46B-6482-DC9410B7C085" name="METODO_PAGO_PK">
<createdBy>FrZxK</createdBy>
<createdTime>2025-09-16 01:02:13 UTC</createdTime>
<generatorID>6CA86F54-3661-E1D9-C667-8E1ECF59703D</generatorID>
<ownerDesignName>Centro Médico Universitario San Rafael</ownerDesignName>
<pk>true</pk>
<indexState>Primary Constraint</indexState>
<isSurrogateKey>false</isSurrogateKey>
<indexColumnUsage>
<colUsage columnID="07192610-01DC-11F8-8E22-05C66AD7EF46"/>
</indexColumnUsage>
</ind_PK_UK>
</indexes>
</Table>