<?xml version = '1.0' encoding = 'UTF-8'?>
<Table class="oracle.dbtools.crest.model.design.relational.Table" directorySegmentName="seg_0" id="8B60D7FF-5A4A-18EB-A538-C727E1D24165" name="Relation_22">
<createdBy>FrZxK</createdBy>
<createdTime>2025-09-16 01:44:05 UTC</createdTime>
<ownerDesignName>Centro Médico Universitario San Rafael</ownerDesignName>
<allowColumnReorder>false</allowColumnReorder>
<existDependencyGenerateInDDl>true</existDependencyGenerateInDDl>
<parsed>true</parsed>
<columns itemClass="oracle.dbtools.crest.model.design.relational.Column">
<Column name="ATENCION_MEDICA_id_atencion" id="05314193-B4DF-A77B-8787-E85BFB120D45">
<createdBy>FrZxK</createdBy>
<createdTime>2025-09-16 01:44:05 UTC</createdTime>
<ownerDesignName>Centro Médico Universitario San Rafael</ownerDesignName>
<useDomainConstraints>false</useDomainConstraints>
<use>1</use>
<logicalDatatype>LOGDT019</logicalDatatype>
<dataTypePrecision>15</dataTypePrecision>
<ownDataTypeParameters>,,</ownDataTypeParameters>
<previousColumn>false</previousColumn>
<autoIncrementCycle>false</autoIncrementCycle>
<associations>
<colAssociation fkAssociation="BDBF46CD-2237-97DE-19C0-EF104B5ACF44" referredColumn="EA318662-3AC6-AE82-02CE-2486627D3D8E"/>
</associations>
</Column>
<Column name="EXAMEN_LABORATORIO_id_examen" id="A230D7A5-1D23-2A5D-079A-6BD3402695F2">
<createdBy>FrZxK</createdBy>
<createdTime>2025-09-16 01:44:05 UTC</createdTime>
<ownerDesignName>Centro Médico Universitario San Rafael</ownerDesignName>
<useDomainConstraints>false</useDomainConstraints>
<use>1</use>
<logicalDatatype>LOGDT019</logicalDatatype>
<dataTypePrecision>5</dataTypePrecision>
<ownDataTypeParameters>,,</ownDataTypeParameters>
<previousColumn>false</previousColumn>
<autoIncrementCycle>false</autoIncrementCycle>
<associations>
<colAssociation fkAssociation="6C76B5FF-4E27-2C97-8962-32BC777DD54F" referredColumn="3FDCF66F-CCA8-05CD-763B-7CF0952992AC"/>
</associations>
</Column>
</columns>
<indexes itemClass="oracle.dbtools.crest.model.design.relational.Index">
<ind_PK_UK id="FC68BE91-955B-414A-B51F-58075FF292C0" name="Relation_22_PK">
<createdBy>FrZxK</createdBy>
<createdTime>2025-09-16 01:44:05 UTC</createdTime>
<ownerDesignName>Centro Médico Universitario San Rafael</ownerDesignName>
<pk>true</pk>
<indexState>Primary Constraint</indexState>
<isSurrogateKey>false</isSurrogateKey>
<indexColumnUsage>
<colUsage columnID="05314193-B4DF-A77B-8787-E85BFB120D45"/>
<colUsage columnID="A230D7A5-1D23-2A5D-079A-6BD3402695F2"/>
</indexColumnUsage>
</ind_PK_UK>
<ind_PK_UK id="1FB60700-C5A8-DF58-02BD-A1A9639EC02B" name="Relation_22_ATENCION_MEDICA_FK">
<createdBy>FrZxK</createdBy>
<createdTime>2025-09-16 01:44:05 UTC</createdTime>
<generatorID>48CF9517-C35C-A4BF-A7B5-F1C26E05FDB4</generatorID>
<ownerDesignName>Centro Médico Universitario San Rafael</ownerDesignName>
<indexState>Foreign Key</indexState>
<isSurrogateKey>false</isSurrogateKey>
<indexColumnUsage>
<colUsage columnID="05314193-B4DF-A77B-8787-E85BFB120D45"/>
</indexColumnUsage>
</ind_PK_UK>
<ind_PK_UK id="45BB58BA-52A8-1D32-594C-D430326B4C87" name="Relation_22_EXAMEN_LABORATORIO_FK">
<createdBy>FrZxK</createdBy>
<createdTime>2025-09-16 01:44:05 UTC</createdTime>
<generatorID>48CF9517-C35C-A4BF-A7B5-F1C26E05FDB4</generatorID>
<ownerDesignName>Centro Médico Universitario San Rafael</ownerDesignName>
<indexState>Foreign Key</indexState>
<isSurrogateKey>false</isSurrogateKey>
<indexColumnUsage>
<colUsage columnID="A230D7A5-1D23-2A5D-079A-6BD3402695F2"/>
</indexColumnUsage>
</ind_PK_UK>
</indexes>
</Table>