<?xml version = '1.0' encoding = 'UTF-8'?>
<Table class="oracle.dbtools.crest.model.design.relational.Table" directorySegmentName="seg_0" id="A859D347-AF97-860A-A0C4-E5C4B4E5EAFF" name="PACIENTE">
<createdBy>FrZxK</createdBy>
<createdTime>2025-09-16 01:02:13 UTC</createdTime>
<generatorID>948DEF3C-1EBD-DAC4-3199-971E19F62947</generatorID>
<ownerDesignName>Centro Médico Universitario San Rafael</ownerDesignName>
<allowColumnReorder>false</allowColumnReorder>
<existDependencyGenerateInDDl>true</existDependencyGenerateInDDl>
<parsed>true</parsed>
<columns itemClass="oracle.dbtools.crest.model.design.relational.Column">
<Column name="id_paciente" id="EDFC61BD-73D6-E336-B79C-07EF5905CF28">
<createdBy>FrZxK</createdBy>
<createdTime>2025-09-16 01:02:13 UTC</createdTime>
<generatorID>943B7A52-17CE-97A2-A7BD-4406931D460D</generatorID>
<ownerDesignName>Centro Médico Universitario San Rafael</ownerDesignName>
<useDomainConstraints>false</useDomainConstraints>
<use>1</use>
<logicalDatatype>LOGDT019</logicalDatatype>
<dataTypePrecision>10</dataTypePrecision>
<ownDataTypeParameters>,10,</ownDataTypeParameters>
<autoIncrementCycle>false</autoIncrementCycle>
</Column>
<Column name="rut_paciente" id="304A2723-D5E7-2A21-E20B-7A622FF9D31B">
<createdBy>FrZxK</createdBy>
<createdTime>2025-09-16 01:02:13 UTC</createdTime>
<generatorID>AB920817-BD59-A013-B4E8-CD058D14C727</generatorID>
<ownerDesignName>Centro Médico Universitario San Rafael</ownerDesignName>
<useDomainConstraints>false</useDomainConstraints>
<use>1</use>
<logicalDatatype>LOGDT024</logicalDatatype>
<dataTypeSize>12</dataTypeSize>
<ownDataTypeParameters>12,,</ownDataTypeParameters>
<autoIncrementCycle>false</autoIncrementCycle>
</Column>
<Column name="nombre_paciente" id="90C546D6-C6D7-9940-720A-EEBD62576FAD">
<createdBy>FrZxK</createdBy>
<createdTime>2025-09-16 01:02:13 UTC</createdTime>
<generatorID>DEE1E9B6-2102-1954-94AA-50A42E8062FC</generatorID>
<ownerDesignName>Centro Médico Universitario San Rafael</ownerDesignName>
<useDomainConstraints>false</useDomainConstraints>
<use>1</use>
<logicalDatatype>LOGDT024</logicalDatatype>
<dataTypeSize>100</dataTypeSize>
<ownDataTypeParameters>100,,</ownDataTypeParameters>
<autoIncrementCycle>false</autoIncrementCycle>
</Column>
<Column name="sexo" id="A175D3BC-497A-22F2-9C31-BB9AEBB5C4A5">
<createdBy>FrZxK</createdBy>
<createdTime>2025-09-16 01:02:13 UTC</createdTime>
<comment><![CDATA[M: Masculino, F: Femenino, O: Otro]]></comment>
<commentInRDBMS><![CDATA[CHECK (sexo IN ('M','F','O')),]]></commentInRDBMS>
<generatorID>3C77C956-9539-FC2A-C61B-5AC368C4EA6B</generatorID>
<ownerDesignName>Centro Médico Universitario San Rafael</ownerDesignName>
<useDomainConstraints>false</useDomainConstraints>
<use>1</use>
<logicalDatatype>LOGDT024</logicalDatatype>
<dataTypeSize>1</dataTypeSize>
<ownDataTypeParameters>1,,</ownDataTypeParameters>
<autoIncrementCycle>false</autoIncrementCycle>
</Column>
<Column name="fecha_nacimiento" id="D6796B1D-1C07-1A61-EF6F-2012E34503AF">
<createdBy>FrZxK</createdBy>
<createdTime>2025-09-16 01:02:13 UTC</createdTime>
<generatorID>759416F3-EC4C-4FAA-A1B1-97BE6FE01CB6</generatorID>
<ownerDesignName>Centro Médico Universitario San Rafael</ownerDesignName>
<useDomainConstraints>false</useDomainConstraints>
<use>1</use>
<logicalDatatype>LOGDT007</logicalDatatype>
<ownDataTypeParameters>,,</ownDataTypeParameters>
<autoIncrementCycle>false</autoIncrementCycle>
</Column>
<Column name="direccion" id="B3FAAC0F-C9C5-E3F8-C87E-B6CD3A6FBE16">
<createdBy>FrZxK</createdBy>
<createdTime>2025-09-16 01:02:13 UTC</createdTime>
<generatorID>EB0A2BD4-4D33-919F-1BFB-1F99F47BA524</generatorID>
<ownerDesignName>Centro Médico Universitario San Rafael</ownerDesignName>
<nullsAllowed>true</nullsAllowed>
<useDomainConstraints>false</useDomainConstraints>
<use>1</use>
<logicalDatatype>LOGDT024</logicalDatatype>
<dataTypeSize>200</dataTypeSize>
<ownDataTypeParameters>200,,</ownDataTypeParameters>
<autoIncrementCycle>false</autoIncrementCycle>
</Column>
<Column name="id_comuna" id="9250CD9F-F5F5-B48D-F6BA-ACFDEB172900">
<createdBy>FrZxK</createdBy>
<createdTime>2025-09-16 01:02:13 UTC</createdTime>
<generatorID>82427701-060C-DAA0-B8CE-F9A652062129</generatorID>
<ownerDesignName>Centro Médico Universitario San Rafael</ownerDesignName>
<useDomainConstraints>false</useDomainConstraints>
<use>1</use>
<logicalDatatype>LOGDT019</logicalDatatype>
<dataTypePrecision>5</dataTypePrecision>
<ownDataTypeParameters>,5,</ownDataTypeParameters>
<autoIncrementCycle>false</autoIncrementCycle>
</Column>
<Column name="id_tipo_usuario" id="20DFFEFD-017C-B17F-1511-740344A67AA3">
<createdBy>FrZxK</createdBy>
<createdTime>2025-09-16 01:02:13 UTC</createdTime>
<generatorID>E706639D-ACA9-F52E-5BD7-151C653A6C45</generatorID>
<ownerDesignName>Centro Médico Universitario San Rafael</ownerDesignName>
<useDomainConstraints>false</useDomainConstraints>
<use>1</use>
<logicalDatatype>LOGDT019</logicalDatatype>
<dataTypePrecision>1</dataTypePrecision>
<ownDataTypeParameters>,1,</ownDataTypeParameters>
<autoIncrementCycle>false</autoIncrementCycle>
</Column>
<Column name="telefono" id="91AF3161-036D-8736-135E-F33CF610FACD">
<createdBy>FrZxK</createdBy>
<createdTime>2025-09-16 01:02:13 UTC</createdTime>
<generatorID>150E5992-DEBF-A8C9-D5C1-B61DAC3A785C</generatorID>
<ownerDesignName>Centro Médico Universitario San Rafael</ownerDesignName>
<nullsAllowed>true</nullsAllowed>
<useDomainConstraints>false</useDomainConstraints>
<use>1</use>
<logicalDatatype>LOGDT024</logicalDatatype>
<dataTypeSize>15</dataTypeSize>
<ownDataTypeParameters>15,,</ownDataTypeParameters>
<autoIncrementCycle>false</autoIncrementCycle>
</Column>
<Column name="email" id="95B3FF06-06A7-EBEA-E761-E28969E34388">
<createdBy>FrZxK</createdBy>
<createdTime>2025-09-16 01:02:13 UTC</createdTime>
<generatorID>20BE2A92-F53E-E41E-2F17-2C649B819450</generatorID>
<ownerDesignName>Centro Médico Universitario San Rafael</ownerDesignName>
<nullsAllowed>true</nullsAllowed>
<useDomainConstraints>false</useDomainConstraints>
<use>1</use>
<logicalDatatype>LOGDT024</logicalDatatype>
<dataTypeSize>100</dataTypeSize>
<ownDataTypeParameters>100,,</ownDataTypeParameters>
<autoIncrementCycle>false</autoIncrementCycle>
</Column>
<Column name="COMUNA_id_comuna" id="263B67CD-B781-7118-1942-4101A3F02874">
<createdBy>FrZxK</createdBy>
<createdTime>2025-09-16 01:02:13 UTC</createdTime>
<generatorID>95F990CC-8E7F-7376-73CA-44C9F5AE9486</generatorID>
<ownerDesignName>Centro Médico Universitario San Rafael</ownerDesignName>
<useDomainConstraints>false</useDomainConstraints>
<use>1</use>
<logicalDatatype>LOGDT019</logicalDatatype>
<dataTypePrecision>5</dataTypePrecision>
<ownDataTypeParameters>,,</ownDataTypeParameters>
<previousColumn>false</previousColumn>
<autoIncrementCycle>false</autoIncrementCycle>
<associations>
<colAssociation fkAssociation="2982F7EC-520E-0303-7D06-F178B0FD4CA9" referredColumn="4AE3A469-A332-40C0-6645-B2B70C334399"/>
</associations>
</Column>
<Column name="TIPO_USUARIO_id_tipo_usuario" id="C7FEF754-C317-BFFD-EA9F-97BAABC87433">
<createdBy>FrZxK</createdBy>
<createdTime>2025-09-16 01:44:05 UTC</createdTime>
<generatorID>78FEF86C-E7E0-00E1-4955-03F39E545715</generatorID>
<ownerDesignName>Centro Médico Universitario San Rafael</ownerDesignName>
<useDomainConstraints>false</useDomainConstraints>
<use>1</use>
<logicalDatatype>LOGDT019</logicalDatatype>
<dataTypePrecision>1</dataTypePrecision>
<ownDataTypeParameters>,,</ownDataTypeParameters>
<previousColumn>false</previousColumn>
<autoIncrementCycle>false</autoIncrementCycle>
<associations>
<colAssociation fkAssociation="A898ABA1-5438-5961-1A1A-DF6955C59947" referredColumn="6684D52A-A2C2-AA57-DC55-F1AD163225A8"/>
</associations>
</Column>
</columns>
<indexes itemClass="oracle.dbtools.crest.model.design.relational.Index">
<ind_PK_UK id="8A12ED07-37C5-137C-8365-97E3F2863CA3" name="PACIENTE_PK">
<createdBy>FrZxK</createdBy>
<createdTime>2025-09-16 01:02:13 UTC</createdTime>
<generatorID>FA534745-655E-3031-3244-D65ADA54EA2F</generatorID>
<ownerDesignName>Centro Médico Universitario San Rafael</ownerDesignName>
<pk>true</pk>
<indexState>Primary Constraint</indexState>
<isSurrogateKey>false</isSurrogateKey>
<indexColumnUsage>
<colUsage columnID="EDFC61BD-73D6-E336-B79C-07EF5905CF28"/>
</indexColumnUsage>
</ind_PK_UK>
<ind_PK_UK id="AE5C04DF-3851-0345-78A8-70B66F304596" name="PACIENTE_COMUNA_FK">
<createdBy>FrZxK</createdBy>
<createdTime>2025-09-16 01:02:13 UTC</createdTime>
<generatorID>3C6D1B36-135E-2211-925E-52181E0E59C2</generatorID>
<ownerDesignName>Centro Médico Universitario San Rafael</ownerDesignName>
<indexState>Foreign Key</indexState>
<isSurrogateKey>false</isSurrogateKey>
<indexColumnUsage>
<colUsage columnID="263B67CD-B781-7118-1942-4101A3F02874"/>
</indexColumnUsage>
</ind_PK_UK>
<ind_PK_UK id="852C4E3D-A1ED-929B-5B03-4EED47E6C8B4" name="PACIENTE_TIPO_USUARIO_FK">
<createdBy>FrZxK</createdBy>
<createdTime>2025-09-16 01:44:05 UTC</createdTime>
<generatorID>D810FDC6-2E4B-254F-58DE-0CBD23B30C1F</generatorID>
<ownerDesignName>Centro Médico Universitario San Rafael</ownerDesignName>
<indexState>Foreign Key</indexState>
<isSurrogateKey>false</isSurrogateKey>
<indexColumnUsage>
<colUsage columnID="C7FEF754-C317-BFFD-EA9F-97BAABC87433"/>
</indexColumnUsage>
</ind_PK_UK>
</indexes>
</Table>