<?xml version = '1.0' encoding = 'UTF-8'?>
<Table class="oracle.dbtools.crest.model.design.relational.Table" directorySegmentName="seg_0" id="B3568723-2B0C-F7EB-1955-4178C798AF9B" name="AFP">
<createdBy>FrZxK</createdBy>
<createdTime>2025-09-16 01:02:13 UTC</createdTime>
<generatorID>C5EB4939-ECCC-58F6-2BA8-33AD23CE9993</generatorID>
<ownerDesignName>Centro Médico Universitario San Rafael</ownerDesignName>
<allowColumnReorder>false</allowColumnReorder>
<existDependencyGenerateInDDl>true</existDependencyGenerateInDDl>
<parsed>true</parsed>
<columns itemClass="oracle.dbtools.crest.model.design.relational.Column">
<Column name="id_afp" id="A02C11F7-35EB-50BB-483C-B949CA47113E">
<createdBy>FrZxK</createdBy>
<createdTime>2025-09-16 01:02:13 UTC</createdTime>
<generatorID>54A2087B-2681-FC3B-A6FB-367294261813</generatorID>
<ownerDesignName>Centro Médico Universitario San Rafael</ownerDesignName>
<useDomainConstraints>false</useDomainConstraints>
<use>1</use>
<logicalDatatype>LOGDT019</logicalDatatype>
<dataTypePrecision>2</dataTypePrecision>
<ownDataTypeParameters>,2,</ownDataTypeParameters>
<autoIncrementCycle>false</autoIncrementCycle>
</Column>
<Column name="codigo_afp" id="DDA00072-5479-DCD2-149D-6E9BBCE487AF">
<createdBy>FrZxK</createdBy>
<createdTime>2025-09-16 01:02:13 UTC</createdTime>
<generatorID>17DAC066-7841-19F4-3CD3-364DA5C565A5</generatorID>
<ownerDesignName>Centro Médico Universitario San Rafael</ownerDesignName>
<useDomainConstraints>false</useDomainConstraints>
<use>1</use>
<logicalDatatype>LOGDT024</logicalDatatype>
<dataTypeSize>10</dataTypeSize>
<ownDataTypeParameters>10,,</ownDataTypeParameters>
<autoIncrementCycle>false</autoIncrementCycle>
</Column>
<Column name="nombre_afp" id="DBCC5A81-6F3C-9174-7684-2F172C4DB483">
<createdBy>FrZxK</createdBy>
<createdTime>2025-09-16 01:02:13 UTC</createdTime>
<generatorID>F3038CB6-EEBE-B58E-37A6-5797560A68C0</generatorID>
<ownerDesignName>Centro Médico Universitario San Rafael</ownerDesignName>
<useDomainConstraints>false</useDomainConstraints>
<use>1</use>
<logicalDatatype>LOGDT024</logicalDatatype>
<dataTypeSize>50</dataTypeSize>
<ownDataTypeParameters>50,,</ownDataTypeParameters>
<autoIncrementCycle>false</autoIncrementCycle>
</Column>
</columns>
<indexes itemClass="oracle.dbtools.crest.model.design.relational.Index">
<ind_PK_UK id="F3BF87C0-A4BF-FA40-6EF1-660EDAF4D6D3" name="ESPECIALIDAD_PK">
<createdBy>FrZxK</createdBy>
<createdTime>2025-09-16 01:02:13 UTC</createdTime>
<generatorID>5506598B-7803-C65B-2AEB-E3942B9EF118</generatorID>
<ownerDesignName>Centro Médico Universitario San Rafael</ownerDesignName>
<pk>true</pk>
<indexState>Primary Constraint</indexState>
<isSurrogateKey>false</isSurrogateKey>
<indexColumnUsage>
<colUsage columnID="A02C11F7-35EB-50BB-483C-B949CA47113E"/>
</indexColumnUsage>
</ind_PK_UK>
</indexes>
</Table>