<?xml version = '1.0' encoding = 'UTF-8'?>
<Table class="oracle.dbtools.crest.model.design.relational.Table" directorySegmentName="seg_0" id="E64ADD20-A5C4-8846-6F5D-CC351ADAF3E2" name="RESULTADO_EXAMEN">
<createdBy>FrZxK</createdBy>
<createdTime>2025-09-16 01:02:13 UTC</createdTime>
<generatorID>2A9158A6-2847-CC91-A4D9-AF1198E30D2B</generatorID>
<ownerDesignName>Centro Médico Universitario San Rafael</ownerDesignName>
<allowColumnReorder>false</allowColumnReorder>
<existDependencyGenerateInDDl>true</existDependencyGenerateInDDl>
<parsed>true</parsed>
<columns itemClass="oracle.dbtools.crest.model.design.relational.Column">
<Column name="id_resultado" id="7D4D78BF-C379-FF98-A245-7A21B2F858D8">
<createdBy>FrZxK</createdBy>
<createdTime>2025-09-16 01:02:13 UTC</createdTime>
<generatorID>A8F635E1-1B10-2771-ECFD-CB8B5E27D727</generatorID>
<ownerDesignName>Centro Médico Universitario San Rafael</ownerDesignName>
<useDomainConstraints>false</useDomainConstraints>
<use>1</use>
<logicalDatatype>LOGDT019</logicalDatatype>
<dataTypePrecision>15</dataTypePrecision>
<ownDataTypeParameters>,15,</ownDataTypeParameters>
<autoIncrementCycle>false</autoIncrementCycle>
</Column>
<Column name="id_solicitud" id="53D6B1C3-1138-15EE-ADD2-17BDB7C9AE61">
<createdBy>FrZxK</createdBy>
<createdTime>2025-09-16 01:02:13 UTC</createdTime>
<generatorID>F07ACEF8-A91E-73FF-9B72-8CC709C07422</generatorID>
<ownerDesignName>Centro Médico Universitario San Rafael</ownerDesignName>
<useDomainConstraints>false</useDomainConstraints>
<use>1</use>
<logicalDatatype>LOGDT019</logicalDatatype>
<dataTypePrecision>15</dataTypePrecision>
<ownDataTypeParameters>,15,</ownDataTypeParameters>
<autoIncrementCycle>false</autoIncrementCycle>
</Column>
<Column name="fecha_resultado" id="0E93D526-2F8F-D5F2-DCED-FA8E3EBC10FD">
<createdBy>FrZxK</createdBy>
<createdTime>2025-09-16 01:02:13 UTC</createdTime>
<generatorID>228F214E-8B47-969A-714A-25524CE05B45</generatorID>
<ownerDesignName>Centro Médico Universitario San Rafael</ownerDesignName>
<useDomainConstraints>false</useDomainConstraints>
<use>1</use>
<logicalDatatype>LOGDT007</logicalDatatype>
<ownDataTypeParameters>,,</ownDataTypeParameters>
<autoIncrementCycle>false</autoIncrementCycle>
</Column>
<Column name="resultado_CLOB" id="63AD671C-EDBF-B7E3-204F-D4755E2D77E8">
<createdBy>FrZxK</createdBy>
<createdTime>2025-09-16 01:02:13 UTC</createdTime>
<generatorID>D0A62D44-1403-DC77-20F9-629BE7E21CD8</generatorID>
<ownerDesignName>Centro Médico Universitario San Rafael</ownerDesignName>
<use>0</use>
<ownDataTypeParameters>,,</ownDataTypeParameters>
<autoIncrementCycle>false</autoIncrementCycle>
</Column>
<Column name="valores_referencia" id="AA8D4474-033F-8DF1-DC50-4809EBC1C2CC">
<createdBy>FrZxK</createdBy>
<createdTime>2025-09-16 01:02:13 UTC</createdTime>
<generatorID>F813E7C7-A11E-8739-D63C-62519A67752A</generatorID>
<ownerDesignName>Centro Médico Universitario San Rafael</ownerDesignName>
<nullsAllowed>true</nullsAllowed>
<useDomainConstraints>false</useDomainConstraints>
<use>1</use>
<logicalDatatype>LOGDT024</logicalDatatype>
<dataTypeSize>200</dataTypeSize>
<ownDataTypeParameters>200,,</ownDataTypeParameters>
<autoIncrementCycle>false</autoIncrementCycle>
</Column>
<Column name="interpretacion" id="E12365F1-8C83-3ABD-E858-C93933453CDC">
<createdBy>FrZxK</createdBy>
<createdTime>2025-09-16 01:02:13 UTC</createdTime>
<generatorID>A3964BA8-1A60-187F-8E4E-62279D2B312D</generatorID>
<ownerDesignName>Centro Médico Universitario San Rafael</ownerDesignName>
<nullsAllowed>true</nullsAllowed>
<useDomainConstraints>false</useDomainConstraints>
<use>1</use>
<logicalDatatype>LOGDT024</logicalDatatype>
<dataTypeSize>500</dataTypeSize>
<ownDataTypeParameters>500,,</ownDataTypeParameters>
<autoIncrementCycle>false</autoIncrementCycle>
</Column>
<Column name="id_medico_validador" id="0166511B-94CE-D5F0-F3DE-004550AF2FD2">
<createdBy>FrZxK</createdBy>
<createdTime>2025-09-16 01:02:13 UTC</createdTime>
<generatorID>D06F5A81-35A6-2965-8AC7-51530074AABD</generatorID>
<ownerDesignName>Centro Médico Universitario San Rafael</ownerDesignName>
<nullsAllowed>true</nullsAllowed>
<useDomainConstraints>false</useDomainConstraints>
<use>1</use>
<logicalDatatype>LOGDT019</logicalDatatype>
<dataTypePrecision>10</dataTypePrecision>
<ownDataTypeParameters>,10,</ownDataTypeParameters>
<autoIncrementCycle>false</autoIncrementCycle>
</Column>
<Column name="SOLICITUD_EXAMEN_id_solicitud" id="552E97EC-E9B3-B941-89D3-496680321C3E">
<createdBy>FrZxK</createdBy>
<createdTime>2025-09-16 02:04:05 UTC</createdTime>
<generatorID>6A1FFAA6-9734-729D-E0A3-DEEECF9F02E9</generatorID>
<ownerDesignName>Centro Médico Universitario San Rafael</ownerDesignName>
<useDomainConstraints>false</useDomainConstraints>
<use>1</use>
<logicalDatatype>LOGDT019</logicalDatatype>
<dataTypePrecision>15</dataTypePrecision>
<ownDataTypeParameters>,,</ownDataTypeParameters>
<previousColumn>false</previousColumn>
<autoIncrementCycle>false</autoIncrementCycle>
<associations>
<colAssociation fkAssociation="84D51BE3-7374-309A-78D8-BEE6F3E2E93B" referredColumn="A9BA8B10-2F2B-6413-7DDA-AD9CB51A0018"/>
</associations>
</Column>
</columns>
<indexes itemClass="oracle.dbtools.crest.model.design.relational.Index">
<ind_PK_UK id="D4B8BBF6-84B6-B545-84CA-E5EA587F2917" name="RESULTADO_EXAMEN_PK">
<createdBy>FrZxK</createdBy>
<createdTime>2025-09-16 01:02:13 UTC</createdTime>
<generatorID>0B18784D-E0FF-F601-0383-AA61E7D10F54</generatorID>
<ownerDesignName>Centro Médico Universitario San Rafael</ownerDesignName>
<pk>true</pk>
<indexState>Primary Constraint</indexState>
<isSurrogateKey>false</isSurrogateKey>
<indexColumnUsage>
<colUsage columnID="7D4D78BF-C379-FF98-A245-7A21B2F858D8"/>
</indexColumnUsage>
</ind_PK_UK>
<ind_PK_UK id="0AD5E636-9411-D041-3B04-F749A93C25F7" name="RESULTADO_EXAMEN__IDX">
<createdBy>FrZxK</createdBy>
<createdTime>2025-09-16 02:04:05 UTC</createdTime>
<ownerDesignName>Centro Médico Universitario San Rafael</ownerDesignName>
<indexState>Unique Plain Index</indexState>
<isSurrogateKey>false</isSurrogateKey>
<relationGeneratorID>21846C53-1658-3D00-722F-955DBD7AC475</relationGeneratorID>
<indexColumnUsage>
<colUsage columnID="552E97EC-E9B3-B941-89D3-496680321C3E"/>
</indexColumnUsage>
</ind_PK_UK>
<ind_PK_UK id="A7EAE121-0D83-C21C-0DE2-A9D84AF51363" name="RESULTADO_EXAMEN_SOLICITUD_EXAMEN_FK">
<createdBy>FrZxK</createdBy>
<createdTime>2025-09-16 02:04:05 UTC</createdTime>
<generatorID>21846C53-1658-3D00-722F-955DBD7AC475</generatorID>
<ownerDesignName>Centro Médico Universitario San Rafael</ownerDesignName>
<indexState>Foreign Key</indexState>
<isSurrogateKey>false</isSurrogateKey>
<indexColumnUsage>
<colUsage columnID="552E97EC-E9B3-B941-89D3-496680321C3E"/>
</indexColumnUsage>
</ind_PK_UK>
</indexes>
</Table>