<?xml version = '1.0' encoding = 'UTF-8'?>
<Table class="oracle.dbtools.crest.model.design.relational.Table" directorySegmentName="seg_0" id="F2194F88-6064-47AD-DEBE-343B37D8CCBD" name="MEDICO">
<createdBy>FrZxK</createdBy>
<createdTime>2025-09-16 01:02:13 UTC</createdTime>
<generatorID>57B490A5-D7D6-6EE5-5919-699BEB04D959</generatorID>
<ownerDesignName>Centro Médico Universitario San Rafael</ownerDesignName>
<allowColumnReorder>false</allowColumnReorder>
<existDependencyGenerateInDDl>true</existDependencyGenerateInDDl>
<parsed>true</parsed>
<columns itemClass="oracle.dbtools.crest.model.design.relational.Column">
<Column name="MEDICO_ID" id="BFE70A36-4990-BF28-3838-82D01657EB35">
<createdBy>FrZxK</createdBy>
<createdTime>2025-09-16 02:40:12 UTC</createdTime>
<ownerDesignName>Centro Médico Universitario San Rafael</ownerDesignName>
<useDomainConstraints>false</useDomainConstraints>
<use>1</use>
<logicalDatatype>LOGDT019</logicalDatatype>
<ownDataTypeParameters>,,</ownDataTypeParameters>
<autoIncrementColumn>true</autoIncrementColumn>
<identityColumn>true</identityColumn>
<autoIncrementCycle>false</autoIncrementCycle>
<isSurrogateColumn>true</isSurrogateColumn>
</Column>
<Column name="id_medico" id="9090CDB7-ED1A-8A43-5910-70A86EB2E6F0">
<createdBy>FrZxK</createdBy>
<createdTime>2025-09-16 01:02:13 UTC</createdTime>
<generatorID>098192E1-A627-6F0B-2C46-B88190682797</generatorID>
<ownerDesignName>Centro Médico Universitario San Rafael</ownerDesignName>
<useDomainConstraints>false</useDomainConstraints>
<use>1</use>
<logicalDatatype>LOGDT019</logicalDatatype>
<dataTypePrecision>10</dataTypePrecision>
<ownDataTypeParameters>,10,</ownDataTypeParameters>
<autoIncrementCycle>false</autoIncrementCycle>
</Column>
<Column name="rut_medico" id="0C8E8653-4C93-8FE9-403E-5792272E3667">
<createdBy>FrZxK</createdBy>
<createdTime>2025-09-16 01:02:13 UTC</createdTime>
<generatorID>CA5CC45B-8AE5-51D0-2278-64C750C402B9</generatorID>
<ownerDesignName>Centro Médico Universitario San Rafael</ownerDesignName>
<useDomainConstraints>false</useDomainConstraints>
<use>1</use>
<logicalDatatype>LOGDT024</logicalDatatype>
<dataTypeSize>12</dataTypeSize>
<ownDataTypeParameters>12,,</ownDataTypeParameters>
<autoIncrementCycle>false</autoIncrementCycle>
</Column>
<Column name="nombre_medico" id="7940A8BD-A9AB-8BB2-5504-A9E1AAA507AB">
<createdBy>FrZxK</createdBy>
<createdTime>2025-09-16 01:02:13 UTC</createdTime>
<generatorID>FB3CBF6E-C8EA-82B4-511E-68A0E388C70F</generatorID>
<ownerDesignName>Centro Médico Universitario San Rafael</ownerDesignName>
<useDomainConstraints>false</useDomainConstraints>
<use>1</use>
<logicalDatatype>LOGDT024</logicalDatatype>
<dataTypeSize>100</dataTypeSize>
<ownDataTypeParameters>100,,</ownDataTypeParameters>
<autoIncrementCycle>false</autoIncrementCycle>
</Column>
<Column name="fecha_ingreso" id="3059F876-0BDD-9FC3-0917-7792C6C342F7">
<createdBy>FrZxK</createdBy>
<createdTime>2025-09-16 01:02:13 UTC</createdTime>
<generatorID>8CA25E59-AC3F-61A5-EC71-7443B1B89225</generatorID>
<ownerDesignName>Centro Médico Universitario San Rafael</ownerDesignName>
<useDomainConstraints>false</useDomainConstraints>
<use>1</use>
<logicalDatatype>LOGDT007</logicalDatatype>
<ownDataTypeParameters>,,</ownDataTypeParameters>
<autoIncrementCycle>false</autoIncrementCycle>
</Column>
<Column name="id_especialidad" id="8772240F-F3D9-32E7-276F-A2FD0AB724F1">
<createdBy>FrZxK</createdBy>
<createdTime>2025-09-16 01:02:13 UTC</createdTime>
<generatorID>3A2C5992-9AC6-407A-174D-E910FBFBC490</generatorID>
<ownerDesignName>Centro Médico Universitario San Rafael</ownerDesignName>
<useDomainConstraints>false</useDomainConstraints>
<use>1</use>
<logicalDatatype>LOGDT019</logicalDatatype>
<dataTypePrecision>3</dataTypePrecision>
<ownDataTypeParameters>,3,</ownDataTypeParameters>
<autoIncrementCycle>false</autoIncrementCycle>
</Column>
<Column name="id_afp" id="3A46156A-0063-1244-454A-C3878D507BDF">
<createdBy>FrZxK</createdBy>
<createdTime>2025-09-16 01:02:13 UTC</createdTime>
<generatorID>FC0225BD-8F93-3474-1C89-D4701F98F7D7</generatorID>
<ownerDesignName>Centro Médico Universitario San Rafael</ownerDesignName>
<useDomainConstraints>false</useDomainConstraints>
<use>1</use>
<logicalDatatype>LOGDT019</logicalDatatype>
<dataTypePrecision>2</dataTypePrecision>
<ownDataTypeParameters>,2,</ownDataTypeParameters>
<autoIncrementCycle>false</autoIncrementCycle>
</Column>
<Column name="id_salud" id="564E3B84-A6B3-267F-7DA4-AACE5213F4A6">
<createdBy>FrZxK</createdBy>
<createdTime>2025-09-16 01:02:13 UTC</createdTime>
<generatorID>6400DBD1-F7D1-F50A-ED09-9A188760107D</generatorID>
<ownerDesignName>Centro Médico Universitario San Rafael</ownerDesignName>
<useDomainConstraints>false</useDomainConstraints>
<use>1</use>
<logicalDatatype>LOGDT019</logicalDatatype>
<dataTypePrecision>2</dataTypePrecision>
<ownDataTypeParameters>,2,</ownDataTypeParameters>
<autoIncrementCycle>false</autoIncrementCycle>
</Column>
<Column name="id_medico_supervisor" id="612E0C1C-934E-408C-9E35-31F5819FAC64">
<createdBy>FrZxK</createdBy>
<createdTime>2025-09-16 01:02:13 UTC</createdTime>
<generatorID>0BBDAEC2-25DC-31A3-81B7-7F85758CA95C</generatorID>
<ownerDesignName>Centro Médico Universitario San Rafael</ownerDesignName>
<nullsAllowed>true</nullsAllowed>
<useDomainConstraints>false</useDomainConstraints>
<use>1</use>
<logicalDatatype>LOGDT019</logicalDatatype>
<dataTypePrecision>10</dataTypePrecision>
<ownDataTypeParameters>,10,</ownDataTypeParameters>
<autoIncrementCycle>false</autoIncrementCycle>
</Column>
<Column name="activo" id="781E9BBF-F47D-5F9C-722A-7E676805BB09">
<createdBy>FrZxK</createdBy>
<createdTime>2025-09-16 01:02:13 UTC</createdTime>
<commentInRDBMS><![CDATA[DEFAULT 'S' 
CHECK (activo IN ('S','N')),]]></commentInRDBMS>
<generatorID>A754BFD7-EDAA-4D7C-A869-C9147F356EC9</generatorID>
<ownerDesignName>Centro Médico Universitario San Rafael</ownerDesignName>
<useDomainConstraints>false</useDomainConstraints>
<use>1</use>
<logicalDatatype>LOGDT025</logicalDatatype>
<dataTypeSize>1</dataTypeSize>
<ownDataTypeParameters>1,,</ownDataTypeParameters>
<autoIncrementCycle>false</autoIncrementCycle>
</Column>
<Column name="ESPECIALIDAD_id_especialidad" id="49E475A6-8CDB-57CD-CAC6-450CA50E5591">
<createdBy>FrZxK</createdBy>
<createdTime>2025-09-16 01:44:05 UTC</createdTime>
<generatorID>60932809-2A37-0C75-22C0-E2E813A794CA</generatorID>
<ownerDesignName>Centro Médico Universitario San Rafael</ownerDesignName>
<useDomainConstraints>false</useDomainConstraints>
<use>1</use>
<logicalDatatype>LOGDT019</logicalDatatype>
<dataTypePrecision>3</dataTypePrecision>
<ownDataTypeParameters>,,</ownDataTypeParameters>
<previousColumn>false</previousColumn>
<autoIncrementCycle>false</autoIncrementCycle>
<associations>
<colAssociation fkAssociation="B8812261-27F3-1D2B-AAF9-AB0128E5E27B" referredColumn="647B0379-3F38-1789-041B-5D04B4526D7A"/>
</associations>
</Column>
<Column name="AFP_id_afp" id="1187B417-73CF-46CC-CD7C-CA2BA51F66F0">
<createdBy>FrZxK</createdBy>
<createdTime>2025-09-16 01:44:05 UTC</createdTime>
<generatorID>D74FA86B-D383-409B-9DAC-076B2CFBAC3F</generatorID>
<ownerDesignName>Centro Médico Universitario San Rafael</ownerDesignName>
<useDomainConstraints>false</useDomainConstraints>
<use>1</use>
<logicalDatatype>LOGDT019</logicalDatatype>
<dataTypePrecision>2</dataTypePrecision>
<ownDataTypeParameters>,,</ownDataTypeParameters>
<previousColumn>false</previousColumn>
<autoIncrementCycle>false</autoIncrementCycle>
<associations>
<colAssociation fkAssociation="12D59D20-3D95-177A-C3B0-D959356A90E9" referredColumn="A02C11F7-35EB-50BB-483C-B949CA47113E"/>
</associations>
</Column>
<Column name="SALUD_id_salud" id="CA92895A-1706-187F-661C-CA9946B7D891">
<createdBy>FrZxK</createdBy>
<createdTime>2025-09-16 01:44:05 UTC</createdTime>
<generatorID>3F468B24-D50F-D07C-19C8-4F4BD5153E4A</generatorID>
<ownerDesignName>Centro Médico Universitario San Rafael</ownerDesignName>
<useDomainConstraints>false</useDomainConstraints>
<use>1</use>
<logicalDatatype>LOGDT019</logicalDatatype>
<dataTypePrecision>2</dataTypePrecision>
<ownDataTypeParameters>,,</ownDataTypeParameters>
<previousColumn>false</previousColumn>
<autoIncrementCycle>false</autoIncrementCycle>
<associations>
<colAssociation fkAssociation="32355997-5DEE-D581-7E98-BBFCA66B6365" referredColumn="4C355A9B-443C-B9BB-7741-67BDF7B7744F"/>
</associations>
</Column>
<Column name="MEDICO_id_medico" id="928877AC-F581-9610-E861-73CF55B0AE9E">
<createdBy>FrZxK</createdBy>
<createdTime>2025-09-16 01:44:05 UTC</createdTime>
<generatorID>39C8CB35-A978-2823-4FB4-7C8B45059DCD</generatorID>
<ownerDesignName>Centro Médico Universitario San Rafael</ownerDesignName>
<useDomainConstraints>false</useDomainConstraints>
<use>1</use>
<logicalDatatype>LOGDT019</logicalDatatype>
<dataTypePrecision>10</dataTypePrecision>
<ownDataTypeParameters>,,</ownDataTypeParameters>
<previousColumn>false</previousColumn>
<autoIncrementCycle>false</autoIncrementCycle>
<associations>
<colAssociation fkAssociation="2E2BFC79-EC44-5101-F3D9-667693927FCE" referredColumn="9090CDB7-ED1A-8A43-5910-70A86EB2E6F0"/>
</associations>
</Column>
<Column name="MEDICO_MEDICO_ID" id="1A76E460-45BD-882F-ACB9-4B8F9271A1A5">
<createdBy>FrZxK</createdBy>
<createdTime>2025-09-16 02:40:12 UTC</createdTime>
<ownerDesignName>Centro Médico Universitario San Rafael</ownerDesignName>
<useDomainConstraints>false</useDomainConstraints>
<use>1</use>
<logicalDatatype>LOGDT019</logicalDatatype>
<ownDataTypeParameters>,,</ownDataTypeParameters>
<previousColumn>false</previousColumn>
<autoIncrementCycle>false</autoIncrementCycle>
<associations>
<colAssociation fkAssociation="2B6A8DDF-F376-B77B-1F57-7B08CBAE33B0" referredColumn="BFE70A36-4990-BF28-3838-82D01657EB35"/>
</associations>
</Column>
</columns>
<indexes itemClass="oracle.dbtools.crest.model.design.relational.Index">
<ind_PK_UK id="288F83B9-0E59-9C5B-748B-CD75A017088E" name="MEDICO_PK">
<createdBy>FrZxK</createdBy>
<createdTime>2025-09-16 02:40:12 UTC</createdTime>
<ownerDesignName>Centro Médico Universitario San Rafael</ownerDesignName>
<pk>true</pk>
<indexState>Primary Constraint</indexState>
<indexColumnUsage>
<colUsage columnID="BFE70A36-4990-BF28-3838-82D01657EB35"/>
</indexColumnUsage>
</ind_PK_UK>
<ind_PK_UK id="6748275D-9A98-9C41-7C59-D688E156E049" name="MEDICO_id_medico_UN">
<createdBy>FrZxK</createdBy>
<createdTime>2025-09-16 01:02:13 UTC</createdTime>
<generatorID>2036AC6C-BA1A-293C-83DC-5EC7B88743CF</generatorID>
<ownerDesignName>Centro Médico Universitario San Rafael</ownerDesignName>
<indexState>Unique Constraint</indexState>
<isSurrogateKey>false</isSurrogateKey>
<indexColumnUsage>
<colUsage columnID="9090CDB7-ED1A-8A43-5910-70A86EB2E6F0"/>
</indexColumnUsage>
</ind_PK_UK>
<ind_PK_UK id="8DD98E23-8D96-5797-B72B-D9E5ECBA1A31" name="MEDICO_ESPECIALIDAD_FK">
<createdBy>FrZxK</createdBy>
<createdTime>2025-09-16 01:44:05 UTC</createdTime>
<generatorID>D1942F3C-AC60-2916-C6C2-1E4789D9B789</generatorID>
<ownerDesignName>Centro Médico Universitario San Rafael</ownerDesignName>
<indexState>Foreign Key</indexState>
<isSurrogateKey>false</isSurrogateKey>
<indexColumnUsage>
<colUsage columnID="49E475A6-8CDB-57CD-CAC6-450CA50E5591"/>
</indexColumnUsage>
</ind_PK_UK>
<ind_PK_UK id="6A453C04-D8B2-D977-D218-BA07F4A68F21" name="MEDICO_AFP_FK">
<createdBy>FrZxK</createdBy>
<createdTime>2025-09-16 01:44:05 UTC</createdTime>
<generatorID>09FC49A3-BFB5-2C65-75FA-2269568CFD83</generatorID>
<ownerDesignName>Centro Médico Universitario San Rafael</ownerDesignName>
<indexState>Foreign Key</indexState>
<isSurrogateKey>false</isSurrogateKey>
<indexColumnUsage>
<colUsage columnID="1187B417-73CF-46CC-CD7C-CA2BA51F66F0"/>
</indexColumnUsage>
</ind_PK_UK>
<ind_PK_UK id="1AA8F267-64CD-49E3-083B-222FF15A1187" name="MEDICO_SALUD_FK">
<createdBy>FrZxK</createdBy>
<createdTime>2025-09-16 01:44:05 UTC</createdTime>
<generatorID>3729ACAE-4C34-1D0D-C733-1738B56BCBA0</generatorID>
<ownerDesignName>Centro Médico Universitario San Rafael</ownerDesignName>
<indexState>Foreign Key</indexState>
<isSurrogateKey>false</isSurrogateKey>
<indexColumnUsage>
<colUsage columnID="CA92895A-1706-187F-661C-CA9946B7D891"/>
</indexColumnUsage>
</ind_PK_UK>
<ind_PK_UK id="3D85B056-CBF2-DD75-BA8F-2817B9416083" name="MEDICO_MEDICO_FK">
<createdBy>FrZxK</createdBy>
<createdTime>2025-09-16 01:44:05 UTC</createdTime>
<generatorID>67FF1EDE-1F30-6BF0-E0E5-A7D0F1565115</generatorID>
<ownerDesignName>Centro Médico Universitario San Rafael</ownerDesignName>
<indexState>Foreign Key</indexState>
<isSurrogateKey>false</isSurrogateKey>
<indexColumnUsage>
<colUsage columnID="928877AC-F581-9610-E861-73CF55B0AE9E"/>
</indexColumnUsage>
</ind_PK_UK>
<ind_PK_UK id="C5F3AAB8-67DE-F962-ED9B-E22E3142A8AF" name="MEDICO_MEDICO_FKv2">
<createdBy>FrZxK</createdBy>
<createdTime>2025-09-16 02:40:12 UTC</createdTime>
<generatorID>2EA85B1D-2AB5-6E01-3FF1-4BFAB4CA2C83</generatorID>
<ownerDesignName>Centro Médico Universitario San Rafael</ownerDesignName>
<indexState>Foreign Key</indexState>
<isSurrogateKey>false</isSurrogateKey>
<indexColumnUsage>
<colUsage columnID="1A76E460-45BD-882F-ACB9-4B8F9271A1A5"/>
</indexColumnUsage>
</ind_PK_UK>
</indexes>
</Table>