<?xml version = '1.0' encoding = 'UTF-8'?>
<Diagram class="oracle.dbtools.crest.swingui.logical.DPVLogical" name="Logical" id="8AB00CED-9DDF-3C75-081E-DDF04EF12226">
<createdBy>FrZxK</createdBy>
<modifiedBy>FrZxK</modifiedBy>
<createdTime>2025-08-17 22:18:46 UTC</createdTime>
<autoRoute>false</autoRoute>
<boxInbox>true</boxInbox>
<showLegend>false</showLegend>
<showLabels>false</showLabels>
<showRelAttributes>false</showRelAttributes>
<gridEnabled>false</gridEnabled>
<showGrid>false</showGrid>
<diagramColor>-1</diagramColor>
<display>false</display>
<notation>2</notation>
<objectViews>
<OView class="oracle.dbtools.crest.swingui.logical.TVEntity" oid="052B7A98-4155-8936-0AA7-6B3D87E96E10" otype="Entity" vid="19E014F9-F1C6-1788-0CD9-85134082B80A">
<hideElementsInCurrentOnly>false</hideElementsInCurrentOnly>
<bounds x="299" y="246" width="239" height="177"/>
</OView>
<OView class="oracle.dbtools.crest.swingui.logical.TVEntity" oid="1DB21098-355C-9567-5173-27A8B37D7291" otype="Entity" vid="97CA19F8-E8BE-8509-A915-44F530584E88">
<hideElementsInCurrentOnly>false</hideElementsInCurrentOnly>
<bounds x="315" y="22" width="221" height="148"/>
</OView>
<OView class="oracle.dbtools.crest.swingui.logical.TVEntity" oid="7B902DA2-AA1D-BD6C-3B37-65655BBC83AD" otype="Entity" vid="5972193E-C66F-ACCB-8FE2-EDA578363156">
<hideElementsInCurrentOnly>false</hideElementsInCurrentOnly>
<bounds x="24" y="26" width="239" height="133"/>
</OView>
<OView class="oracle.dbtools.crest.swingui.logical.TVEntity" oid="CE9EADEB-D01E-C502-AFD7-5FD38AD3350F" otype="Entity" vid="F6F14F78-3A8D-777F-E3A1-D4D7B6361733">
<hideElementsInCurrentOnly>false</hideElementsInCurrentOnly>
<bounds x="589" y="23" width="217" height="147"/>
</OView>
</objectViews>
<connectors>
<Connector class="oracle.dbtools.crest.swingui.logical.TVRelation" oid="26E6786E-2671-9855-2A8C-E53EBBFC5D37" otype="Relation" vid_source="97CA19F8-E8BE-8509-A915-44F530584E88" vid_target="19E014F9-F1C6-1788-0CD9-85134082B80A">
<hideElementsInCurrentOnly>false</hideElementsInCurrentOnly>
<backgroundColor>-16777216</backgroundColor>
<lineWidth>1</lineWidth>
<points>
<point x="425" y="170"/>
<point x="425" y="246"/>
</points>
</Connector>
<Connector class="oracle.dbtools.crest.swingui.logical.TVRelation" oid="76CA725F-1C54-0BFA-E94F-B29A4B14D383" otype="Relation" vid_source="F6F14F78-3A8D-777F-E3A1-D4D7B6361733" vid_target="19E014F9-F1C6-1788-0CD9-85134082B80A">
<hideElementsInCurrentOnly>false</hideElementsInCurrentOnly>
<backgroundColor>-16777216</backgroundColor>
<lineWidth>1</lineWidth>
<points>
<point x="611" y="170"/>
<point x="522" y="246"/>
</points>
</Connector>
<Connector class="oracle.dbtools.crest.swingui.logical.TVRelation" oid="908555A7-177F-C80F-817F-2ACB4479EEF6" otype="Relation" vid_source="5972193E-C66F-ACCB-8FE2-EDA578363156" vid_target="19E014F9-F1C6-1788-0CD9-85134082B80A">
<hideElementsInCurrentOnly>false</hideElementsInCurrentOnly>
<backgroundColor>-16777216</backgroundColor>
<lineWidth>1</lineWidth>
<points>
<point x="219" y="159"/>
<point x="317" y="246"/>
</points>
</Connector>
</connectors>
</Diagram>