<?xml version = '1.0' encoding = 'UTF-8'?>
<Relation class="oracle.dbtools.crest.model.design.logical.Relation" name="Empleado - Reserva" directorySegmentName="seg_0" id="26E6786E-2671-9855-2A8C-E53EBBFC5D37">
<createdBy>FrZxK</createdBy>
<createdTime>2025-08-19 00:02:01 UTC</createdTime>
<ownerDesignName>Línea Aérea BT&amp;Airways</ownerDesignName>
<engineerTo>
<item key="BF5883A9-FA24-E279-1841-85113B9CC82E" value="true"/>
</engineerTo>
<sourcePk>35AB1654-65C6-4F98-5905-D9731847FAAC</sourcePk>
<identifying>false</identifying>
<optionalSource>true</optionalSource>
<optionalTarget>false</optionalTarget>
<sourceCardinality>1</sourceCardinality>
<sourceEntity>1DB21098-355C-9567-5173-27A8B37D7291</sourceEntity>
<targetCardinalityString>*</targetCardinalityString>
<targetEntity>052B7A98-4155-8936-0AA7-6B3D87E96E10</targetEntity>
<transferable>true</transferable>
<deleteRule>NO ACTION</deleteRule>
</Relation>