<?xml version = '1.0' encoding = 'UTF-8'?>
<Relation class="oracle.dbtools.crest.model.design.logical.Relation" name="Vuelo - Reserva" directorySegmentName="seg_0" id="76CA725F-1C54-0BFA-E94F-B29A4B14D383">
<createdBy>FrZxK</createdBy>
<createdTime>2025-08-19 00:05:38 UTC</createdTime>
<ownerDesignName>Línea Aérea BT&amp;Airways</ownerDesignName>
<engineerTo>
<item key="BF5883A9-FA24-E279-1841-85113B9CC82E" value="true"/>
</engineerTo>
<sourcePk>EEB6D8BB-533F-4745-4BA5-FEC7C45CD642</sourcePk>
<identifying>false</identifying>
<optionalSource>true</optionalSource>
<optionalTarget>false</optionalTarget>
<sourceCardinality>1</sourceCardinality>
<sourceEntity>CE9EADEB-D01E-C502-AFD7-5FD38AD3350F</sourceEntity>
<targetCardinalityString>*</targetCardinalityString>
<targetEntity>052B7A98-4155-8936-0AA7-6B3D87E96E10</targetEntity>
<transferable>true</transferable>
<deleteRule>NO ACTION</deleteRule>
</Relation>