<?xml version = '1.0' encoding = 'UTF-8'?>
<Relation class="oracle.dbtools.crest.model.design.logical.Relation" name="Pasajero - Reserva" directorySegmentName="seg_0" id="908555A7-177F-C80F-817F-2ACB4479EEF6">
<createdBy>FrZxK</createdBy>
<createdTime>2025-08-19 00:04:53 UTC</createdTime>
<ownerDesignName>Línea Aérea BT&amp;Airways</ownerDesignName>
<engineerTo>
<item key="BF5883A9-FA24-E279-1841-85113B9CC82E" value="true"/>
</engineerTo>
<sourcePk>ABD7EE94-C8C5-1FC5-C836-3A3E531DB1E3</sourcePk>
<identifying>false</identifying>
<optionalSource>true</optionalSource>
<optionalTarget>false</optionalTarget>
<sourceCardinality>1</sourceCardinality>
<sourceEntity>7B902DA2-AA1D-BD6C-3B37-65655BBC83AD</sourceEntity>
<targetCardinalityString>*</targetCardinalityString>
<targetEntity>052B7A98-4155-8936-0AA7-6B3D87E96E10</targetEntity>
<transferable>true</transferable>
<deleteRule>NO ACTION</deleteRule>
</Relation>