<?xml version = '1.0' encoding = 'UTF-8'?>
<Relation class="oracle.dbtools.crest.model.design.logical.Relation" name="ATENCION MEDICA PACIENTE FK" directorySegmentName="seg_0" id="019A2730-4223-8246-F134-3E9C95126C61">
<createdBy>FrZxK</createdBy>
<createdTime>2025-09-16 01:19:27 UTC</createdTime>
<ownerDesignName>Centro Médico Universitario San Rafael</ownerDesignName>
<engineerTo>
<item key="3B004C39-EBF7-0E4A-4CAF-9A405DC9B88B" value="true"/>
</engineerTo>
<sourcePk>FA534745-655E-3031-3244-D65ADA54EA2F</sourcePk>
<targetPk>678123A6-7F6A-FDC5-DC58-C81A3541DCA3</targetPk>
<identifying>false</identifying>
<optionalSource>true</optionalSource>
<optionalTarget>false</optionalTarget>
<sourceCardinality>1</sourceCardinality>
<sourceEntity>948DEF3C-1EBD-DAC4-3199-971E19F62947</sourceEntity>
<targetCardinalityString>*</targetCardinalityString>
<targetEntity>F45E2E90-D881-831F-45DE-DD12854AF3E1</targetEntity>
<transferable>true</transferable>
<deleteRule>NO ACTION</deleteRule>
</Relation>