<?xml version = '1.0' encoding = 'UTF-8'?>
<Relation class="oracle.dbtools.crest.model.design.logical.Relation" name="PAGO ATENCION MEDICA FK" directorySegmentName="seg_0" id="08D9B2F9-DDE8-41BC-6D31-B1AC5581B46A">
<createdBy>FrZxK</createdBy>
<createdTime>2025-09-16 01:23:37 UTC</createdTime>
<ownerDesignName>Centro Médico Universitario San Rafael</ownerDesignName>
<engineerTo>
<item key="3B004C39-EBF7-0E4A-4CAF-9A405DC9B88B" value="true"/>
</engineerTo>
<sourcePk>678123A6-7F6A-FDC5-DC58-C81A3541DCA3</sourcePk>
<targetPk>9A43239D-8AD4-CB2F-AE37-03A552DFA2F2</targetPk>
<identifying>false</identifying>
<optionalSource>true</optionalSource>
<optionalTarget>false</optionalTarget>
<sourceCardinality>1</sourceCardinality>
<sourceEntity>F45E2E90-D881-831F-45DE-DD12854AF3E1</sourceEntity>
<targetCardinalityString>1</targetCardinalityString>
<targetEntity>59965952-1C51-50B2-DEDE-8D7758B8AAAA</targetEntity>
<transferable>true</transferable>
<deleteRule>NO ACTION</deleteRule>
</Relation>