<?xml version = '1.0' encoding = 'UTF-8'?>
<Relation class="oracle.dbtools.crest.model.design.logical.Relation" name="MEDICO AFPv1 FK" directorySegmentName="seg_0" id="09FC49A3-BFB5-2C65-75FA-2269568CFD83">
<createdBy>FrZxK</createdBy>
<createdTime>2025-09-16 01:11:23 UTC</createdTime>
<ownerDesignName>Centro Médico Universitario San Rafael</ownerDesignName>
<engineerTo>
<item key="3B004C39-EBF7-0E4A-4CAF-9A405DC9B88B" value="true"/>
</engineerTo>
<sourcePk>5506598B-7803-C65B-2AEB-E3942B9EF118</sourcePk>
<targetPk>2036AC6C-BA1A-293C-83DC-5EC7B88743CF</targetPk>
<identifying>false</identifying>
<optionalSource>true</optionalSource>
<optionalTarget>false</optionalTarget>
<sourceCardinality>1</sourceCardinality>
<sourceEntity>C5EB4939-ECCC-58F6-2BA8-33AD23CE9993</sourceEntity>
<targetCardinalityString>*</targetCardinalityString>
<targetEntity>57B490A5-D7D6-6EE5-5919-699BEB04D959</targetEntity>
<transferable>true</transferable>
<deleteRule>NO ACTION</deleteRule>
</Relation>