<?xml version = '1.0' encoding = 'UTF-8'?>
<Relation class="oracle.dbtools.crest.model.design.logical.Relation" name="PAGO METODO PAGO FK" directorySegmentName="seg_0" id="1BDDB7AC-A94B-8591-FE2D-3FBE44C3C3D3">
<createdBy>FrZxK</createdBy>
<createdTime>2025-09-16 01:24:50 UTC</createdTime>
<ownerDesignName>Centro Médico Universitario San Rafael</ownerDesignName>
<engineerTo>
<item key="3B004C39-EBF7-0E4A-4CAF-9A405DC9B88B" value="true"/>
</engineerTo>
<sourcePk>6CA86F54-3661-E1D9-C667-8E1ECF59703D</sourcePk>
<targetPk>9A43239D-8AD4-CB2F-AE37-03A552DFA2F2</targetPk>
<identifying>false</identifying>
<optionalSource>true</optionalSource>
<optionalTarget>false</optionalTarget>
<sourceCardinality>1</sourceCardinality>
<sourceEntity>4AC75474-5E40-3085-3E46-8DF7DD4020F7</sourceEntity>
<targetCardinalityString>*</targetCardinalityString>
<targetEntity>59965952-1C51-50B2-DEDE-8D7758B8AAAA</targetEntity>
<transferable>true</transferable>
<deleteRule>NO ACTION</deleteRule>
</Relation>