<?xml version = '1.0' encoding = 'UTF-8'?>
<Relation class="oracle.dbtools.crest.model.design.logical.Relation" name="Relation_25" directorySegmentName="seg_0" id="21846C53-1658-3D00-722F-955DBD7AC475">
<createdBy>FrZxK</createdBy>
<createdTime>2025-09-16 02:02:59 UTC</createdTime>
<ownerDesignName>Centro Médico Universitario San Rafael</ownerDesignName>
<engineerTo>
<item key="3B004C39-EBF7-0E4A-4CAF-9A405DC9B88B" value="true"/>
</engineerTo>
<sourcePk>54E60978-5155-2F35-39A8-9F7A12853446</sourcePk>
<targetPk>0B18784D-E0FF-F601-0383-AA61E7D10F54</targetPk>
<identifying>false</identifying>
<optionalSource>true</optionalSource>
<optionalTarget>false</optionalTarget>
<sourceCardinality>1</sourceCardinality>
<sourceEntity>3A11C24E-FE0B-1402-7C10-9DFDB7E72997</sourceEntity>
<targetCardinalityString>1</targetCardinalityString>
<targetEntity>2A9158A6-2847-CC91-A4D9-AF1198E30D2B</targetEntity>
<transferable>true</transferable>
<deleteRule>NO ACTION</deleteRule>
</Relation>