<?xml version = '1.0' encoding = 'UTF-8'?>
<Relation class="oracle.dbtools.crest.model.design.logical.Relation" name="Relation_34" directorySegmentName="seg_0" id="2EA85B1D-2AB5-6E01-3FF1-4BFAB4CA2C83">
<createdBy>FrZxK</createdBy>
<createdTime>2025-09-16 02:34:00 UTC</createdTime>
<ownerDesignName>Centro Médico Universitario San Rafael</ownerDesignName>
<engineerTo>
<item key="3B004C39-EBF7-0E4A-4CAF-9A405DC9B88B" value="true"/>
</engineerTo>
<useSurrogateKey>true</useSurrogateKey>
<identifying>false</identifying>
<optionalSource>true</optionalSource>
<optionalTarget>false</optionalTarget>
<sourceCardinality>1</sourceCardinality>
<sourceEntity>57B490A5-D7D6-6EE5-5919-699BEB04D959</sourceEntity>
<targetCardinalityString>*</targetCardinalityString>
<targetEntity>57B490A5-D7D6-6EE5-5919-699BEB04D959</targetEntity>
<transferable>true</transferable>
<deleteRule>NO ACTION</deleteRule>
</Relation>