<?xml version = '1.0' encoding = 'UTF-8'?>
<Relation class="oracle.dbtools.crest.model.design.logical.Relation" name="MEDICO SALUD FK" directorySegmentName="seg_0" id="3729ACAE-4C34-1D0D-C733-1738B56BCBA0">
<createdBy>FrZxK</createdBy>
<createdTime>2025-09-16 01:17:03 UTC</createdTime>
<ownerDesignName>Centro Médico Universitario San Rafael</ownerDesignName>
<engineerTo>
<item key="3B004C39-EBF7-0E4A-4CAF-9A405DC9B88B" value="true"/>
</engineerTo>
<sourcePk>6BF7907F-3B90-3B00-B866-5AA7CB599251</sourcePk>
<targetPk>2036AC6C-BA1A-293C-83DC-5EC7B88743CF</targetPk>
<identifying>false</identifying>
<optionalSource>true</optionalSource>
<optionalTarget>false</optionalTarget>
<sourceCardinality>1</sourceCardinality>
<sourceEntity>25B03D2A-AA26-9DF5-3266-9453655878A0</sourceEntity>
<targetCardinalityString>*</targetCardinalityString>
<targetEntity>57B490A5-D7D6-6EE5-5919-699BEB04D959</targetEntity>
<transferable>true</transferable>
<deleteRule>NO ACTION</deleteRule>
</Relation>