<?xml version = '1.0' encoding = 'UTF-8'?>
<Relation class="oracle.dbtools.crest.model.design.logical.Relation" name="PACIENTE COMUNA FK" directorySegmentName="seg_0" id="3C6D1B36-135E-2211-925E-52181E0E59C2">
<createdBy>FrZxK</createdBy>
<createdTime>2025-09-16 01:02:00 UTC</createdTime>
<ownerDesignName>Centro Médico Universitario San Rafael</ownerDesignName>
<engineerTo>
<item key="3B004C39-EBF7-0E4A-4CAF-9A405DC9B88B" value="true"/>
</engineerTo>
<sourcePk>B2BCDB66-A533-5E44-C25B-5E58B8C6C04B</sourcePk>
<targetPk>FA534745-655E-3031-3244-D65ADA54EA2F</targetPk>
<identifying>false</identifying>
<optionalSource>true</optionalSource>
<optionalTarget>false</optionalTarget>
<sourceCardinality>1</sourceCardinality>
<sourceEntity>36CB5438-BC00-6AB4-FF33-176D3808A8A8</sourceEntity>
<targetCardinalityString>*</targetCardinalityString>
<targetEntity>948DEF3C-1EBD-DAC4-3199-971E19F62947</targetEntity>
<transferable>true</transferable>
<deleteRule>NO ACTION</deleteRule>
</Relation>