<?xml version = '1.0' encoding = 'UTF-8'?>
<Relation class="oracle.dbtools.crest.model.design.logical.Relation" name="Relation_23" directorySegmentName="seg_0" id="46031B88-7064-3079-0399-703CDCC8FBEB">
<createdBy>FrZxK</createdBy>
<createdTime>2025-09-16 02:01:41 UTC</createdTime>
<ownerDesignName>Centro Médico Universitario San Rafael</ownerDesignName>
<engineerTo>
<item key="3B004C39-EBF7-0E4A-4CAF-9A405DC9B88B" value="true"/>
</engineerTo>
<sourcePk>678123A6-7F6A-FDC5-DC58-C81A3541DCA3</sourcePk>
<targetPk>54E60978-5155-2F35-39A8-9F7A12853446</targetPk>
<identifying>false</identifying>
<optionalSource>true</optionalSource>
<optionalTarget>false</optionalTarget>
<sourceCardinality>1</sourceCardinality>
<sourceEntity>F45E2E90-D881-831F-45DE-DD12854AF3E1</sourceEntity>
<targetCardinalityString>*</targetCardinalityString>
<targetEntity>3A11C24E-FE0B-1402-7C10-9DFDB7E72997</targetEntity>
<transferable>true</transferable>
<deleteRule>NO ACTION</deleteRule>
</Relation>