<?xml version = '1.0' encoding = 'UTF-8'?>
<Relation class="oracle.dbtools.crest.model.design.logical.Relation" name="ATENCION MEDICA MEDICO FK" directorySegmentName="seg_0" id="7B5E12AE-8E4A-6063-CE8A-2AED7D072679">
<createdBy>FrZxK</createdBy>
<createdTime>2025-09-16 01:20:36 UTC</createdTime>
<ownerDesignName>Centro Médico Universitario San Rafael</ownerDesignName>
<engineerTo>
<item key="3B004C39-EBF7-0E4A-4CAF-9A405DC9B88B" value="true"/>
</engineerTo>
<sourcePk>2036AC6C-BA1A-293C-83DC-5EC7B88743CF</sourcePk>
<targetPk>678123A6-7F6A-FDC5-DC58-C81A3541DCA3</targetPk>
<identifying>false</identifying>
<optionalSource>true</optionalSource>
<optionalTarget>false</optionalTarget>
<sourceCardinality>1</sourceCardinality>
<sourceEntity>57B490A5-D7D6-6EE5-5919-699BEB04D959</sourceEntity>
<targetCardinalityString>*</targetCardinalityString>
<targetEntity>F45E2E90-D881-831F-45DE-DD12854AF3E1</targetEntity>
<transferable>true</transferable>
<deleteRule>NO ACTION</deleteRule>
</Relation>