<?xml version = '1.0' encoding = 'UTF-8'?>
<Relation class="oracle.dbtools.crest.model.design.logical.Relation" name="Relation_24" directorySegmentName="seg_0" id="7DA0F4DB-7C6A-C51C-54A7-7C85DB878844">
<createdBy>FrZxK</createdBy>
<createdTime>2025-09-16 02:02:16 UTC</createdTime>
<ownerDesignName>Centro Médico Universitario San Rafael</ownerDesignName>
<engineerTo>
<item key="3B004C39-EBF7-0E4A-4CAF-9A405DC9B88B" value="true"/>
</engineerTo>
<sourcePk>307EE1C0-DA13-7613-E11C-47C2611E15BC</sourcePk>
<targetPk>54E60978-5155-2F35-39A8-9F7A12853446</targetPk>
<identifying>false</identifying>
<optionalSource>true</optionalSource>
<optionalTarget>false</optionalTarget>
<sourceCardinality>1</sourceCardinality>
<sourceEntity>A3070095-32DD-563A-0C9C-31D28136C0D6</sourceEntity>
<targetCardinalityString>*</targetCardinalityString>
<targetEntity>3A11C24E-FE0B-1402-7C10-9DFDB7E72997</targetEntity>
<transferable>true</transferable>
<deleteRule>NO ACTION</deleteRule>
</Relation>