<?xml version = '1.0' encoding = 'UTF-8'?>
<Relation class="oracle.dbtools.crest.model.design.logical.Relation" name="ATENCION MEDICA TIPO ATENCION FK" directorySegmentName="seg_0" id="8ECA06AB-0FC9-3887-8872-8D620E64C37C">
<createdBy>FrZxK</createdBy>
<createdTime>2025-09-16 01:22:07 UTC</createdTime>
<ownerDesignName>Centro Médico Universitario San Rafael</ownerDesignName>
<engineerTo>
<item key="3B004C39-EBF7-0E4A-4CAF-9A405DC9B88B" value="true"/>
</engineerTo>
<sourcePk>145F911D-4ACE-E688-AEDC-0DB6A96FA9AE</sourcePk>
<targetPk>678123A6-7F6A-FDC5-DC58-C81A3541DCA3</targetPk>
<identifying>false</identifying>
<optionalSource>true</optionalSource>
<optionalTarget>false</optionalTarget>
<sourceCardinality>1</sourceCardinality>
<sourceEntity>CDD1FECC-6373-7DD2-F5CA-9A841B1D7763</sourceEntity>
<targetCardinalityString>*</targetCardinalityString>
<targetEntity>F45E2E90-D881-831F-45DE-DD12854AF3E1</targetEntity>
<transferable>true</transferable>
<deleteRule>NO ACTION</deleteRule>
</Relation>