<?xml version = '1.0' encoding = 'UTF-8'?>
<Relation class="oracle.dbtools.crest.model.design.logical.Relation" name="COMUNA REGION FK" directorySegmentName="seg_0" id="8F677D2E-71B2-3227-44DA-EC1BD17F3A59">
<createdBy>FrZxK</createdBy>
<createdTime>2025-09-16 01:01:06 UTC</createdTime>
<ownerDesignName>Centro Médico Universitario San Rafael</ownerDesignName>
<engineerTo>
<item key="3B004C39-EBF7-0E4A-4CAF-9A405DC9B88B" value="true"/>
</engineerTo>
<sourcePk>764FB51A-5AB9-548D-60C8-0CA5A0AE6D83</sourcePk>
<targetPk>B2BCDB66-A533-5E44-C25B-5E58B8C6C04B</targetPk>
<identifying>false</identifying>
<optionalSource>true</optionalSource>
<optionalTarget>false</optionalTarget>
<sourceCardinality>1</sourceCardinality>
<sourceEntity>216FA1F1-84F3-D793-970D-4870228B606A</sourceEntity>
<targetCardinalityString>*</targetCardinalityString>
<targetEntity>36CB5438-BC00-6AB4-FF33-176D3808A8A8</targetEntity>
<transferable>true</transferable>
<deleteRule>NO ACTION</deleteRule>
</Relation>