<?xml version = '1.0' encoding = 'UTF-8'?>
<Relation class="oracle.dbtools.crest.model.design.logical.Relation" name="MEDICO ESPECIALIDAD FK" directorySegmentName="seg_0" id="D1942F3C-AC60-2916-C6C2-1E4789D9B789">
<createdBy>FrZxK</createdBy>
<createdTime>2025-09-16 01:10:44 UTC</createdTime>
<ownerDesignName>Centro Médico Universitario San Rafael</ownerDesignName>
<engineerTo>
<item key="3B004C39-EBF7-0E4A-4CAF-9A405DC9B88B" value="true"/>
</engineerTo>
<sourcePk>C402559F-9B2A-FB06-1FB0-EB97679D26CE</sourcePk>
<targetPk>2036AC6C-BA1A-293C-83DC-5EC7B88743CF</targetPk>
<identifying>false</identifying>
<optionalSource>true</optionalSource>
<optionalTarget>false</optionalTarget>
<sourceCardinality>1</sourceCardinality>
<sourceEntity>9457D4AA-50F4-C7C1-0E3C-E49676F6C259</sourceEntity>
<targetCardinalityString>*</targetCardinalityString>
<targetEntity>57B490A5-D7D6-6EE5-5919-699BEB04D959</targetEntity>
<transferable>true</transferable>
<deleteRule>NO ACTION</deleteRule>
</Relation>