<?xml version = '1.0' encoding = 'UTF-8'?>
<Relation class="oracle.dbtools.crest.model.design.logical.Relation" name="PACIENTE TIPO USUARIO FK" directorySegmentName="seg_0" id="D810FDC6-2E4B-254F-58DE-0CBD23B30C1F">
<createdBy>FrZxK</createdBy>
<createdTime>2025-09-16 01:03:35 UTC</createdTime>
<ownerDesignName>Centro Médico Universitario San Rafael</ownerDesignName>
<engineerTo>
<item key="3B004C39-EBF7-0E4A-4CAF-9A405DC9B88B" value="true"/>
</engineerTo>
<sourcePk>CDAC4C30-9BB5-63D5-2643-263F2714E14C</sourcePk>
<targetPk>FA534745-655E-3031-3244-D65ADA54EA2F</targetPk>
<identifying>false</identifying>
<optionalSource>true</optionalSource>
<optionalTarget>false</optionalTarget>
<sourceCardinality>1</sourceCardinality>
<sourceEntity>75788336-87FA-A074-0F1F-98936AFFEFCA</sourceEntity>
<targetCardinalityString>*</targetCardinalityString>
<targetEntity>948DEF3C-1EBD-DAC4-3199-971E19F62947</targetEntity>
<transferable>true</transferable>
<deleteRule>NO ACTION</deleteRule>
</Relation>