<?xml version = '1.0' encoding = 'UTF-8'?>
<Table class="oracle.dbtools.crest.model.design.relational.Table" directorySegmentName="seg_0" id="00B939D9-D93B-3DDE-A7AE-ABDCE9EABB34" name="Cuidador">
<createdBy>FrZxK</createdBy>
<createdTime>2025-09-02 02:04:52 UTC</createdTime>
<generatorID>4BB97D2B-7D4F-B784-79BB-8B6E091331E6</generatorID>
<ownerDesignName>Vivir Mejor</ownerDesignName>
<allowColumnReorder>false</allowColumnReorder>
<existDependencyGenerateInDDl>true</existDependencyGenerateInDDl>
<parsed>true</parsed>
<columns itemClass="oracle.dbtools.crest.model.design.relational.Column">
<Column name="Id_cuidador" id="3E6C6199-319B-F43E-3236-44C44AEF264D">
<createdBy>FrZxK</createdBy>
<createdTime>2025-09-02 02:04:52 UTC</createdTime>
<generatorID>69E6BC11-72D2-7CEC-0B83-9AFAD37534C7</generatorID>
<ownerDesignName>Vivir Mejor</ownerDesignName>
<useDomainConstraints>false</useDomainConstraints>
<use>1</use>
<logicalDatatype>LOGDT019</logicalDatatype>
<ownDataTypeParameters>,,</ownDataTypeParameters>
<autoIncrementCycle>false</autoIncrementCycle>
</Column>
<Column name="Personal_Id_personal" id="24CC5F96-AC2C-6C4A-9C6C-1AA62CC91FB3">
<createdBy>FrZxK</createdBy>
<createdTime>2025-09-02 02:04:52 UTC</createdTime>
<generatorID>81FACBAC-EA83-B2E8-7285-E3CC7E3C2582</generatorID>
<ownerDesignName>Vivir Mejor</ownerDesignName>
<useDomainConstraints>false</useDomainConstraints>
<use>1</use>
<logicalDatatype>LOGDT019</logicalDatatype>
<ownDataTypeParameters>,,</ownDataTypeParameters>
<previousColumn>false</previousColumn>
<autoIncrementCycle>false</autoIncrementCycle>
<associations>
<colAssociation fkAssociation="AC6B0A91-2833-DEE1-4400-E32AEFEC161B" referredColumn="B3B3DA29-94B1-57CD-39CC-69E25B791BE1"/>
</associations>
</Column>
</columns>
<indexes itemClass="oracle.dbtools.crest.model.design.relational.Index">
<ind_PK_UK id="61C3756C-4BA8-F763-78C7-9040E1598631" name="Cuidador_PK">
<createdBy>FrZxK</createdBy>
<createdTime>2025-09-02 02:04:52 UTC</createdTime>
<generatorID>A4C31644-BB93-7CC4-068F-0DE360A6B428</generatorID>
<ownerDesignName>Vivir Mejor</ownerDesignName>
<pk>true</pk>
<indexState>Primary Constraint</indexState>
<isSurrogateKey>false</isSurrogateKey>
<indexColumnUsage>
<colUsage columnID="3E6C6199-319B-F43E-3236-44C44AEF264D"/>
</indexColumnUsage>
</ind_PK_UK>
<ind_PK_UK id="91AF4C2B-B248-8114-786E-8DB510159634" name="Cuidador__IDX">
<createdBy>FrZxK</createdBy>
<createdTime>2025-09-02 02:04:52 UTC</createdTime>
<ownerDesignName>Vivir Mejor</ownerDesignName>
<indexState>Unique Plain Index</indexState>
<isSurrogateKey>false</isSurrogateKey>
<relationGeneratorID>0090DE56-3AB8-3E4C-DC2D-0694A0F0D534</relationGeneratorID>
<indexColumnUsage>
<colUsage columnID="24CC5F96-AC2C-6C4A-9C6C-1AA62CC91FB3"/>
</indexColumnUsage>
</ind_PK_UK>
<ind_PK_UK id="8DDBB3B9-1057-0A9F-31D7-806B4DA0A30C" name="Cuidador_Personal_FK">
<createdBy>FrZxK</createdBy>
<createdTime>2025-09-02 02:04:52 UTC</createdTime>
<generatorID>0090DE56-3AB8-3E4C-DC2D-0694A0F0D534</generatorID>
<ownerDesignName>Vivir Mejor</ownerDesignName>
<indexState>Foreign Key</indexState>
<isSurrogateKey>false</isSurrogateKey>
<indexColumnUsage>
<colUsage columnID="24CC5F96-AC2C-6C4A-9C6C-1AA62CC91FB3"/>
</indexColumnUsage>
</ind_PK_UK>
</indexes>
</Table>