<?xml version = '1.0' encoding = 'UTF-8'?>
<Table class="oracle.dbtools.crest.model.design.relational.Table" directorySegmentName="seg_0" id="1310D956-E0B7-C5DF-8736-1FEAAE3311F5" name="Apoderado">
<createdBy>FrZxK</createdBy>
<createdTime>2025-09-02 02:04:52 UTC</createdTime>
<generatorID>40730882-32A7-BB2D-CF12-41DB532CE2E5</generatorID>
<ownerDesignName>Vivir Mejor</ownerDesignName>
<allowColumnReorder>false</allowColumnReorder>
<existDependencyGenerateInDDl>true</existDependencyGenerateInDDl>
<parsed>true</parsed>
<columns itemClass="oracle.dbtools.crest.model.design.relational.Column">
<Column name="Id_apoderado" id="296FA123-80A1-066B-0999-D50C220C8CC1">
<createdBy>FrZxK</createdBy>
<createdTime>2025-09-02 02:04:52 UTC</createdTime>
<generatorID>CDF8D686-3929-D388-18A5-0DEF887A6BA4</generatorID>
<ownerDesignName>Vivir Mejor</ownerDesignName>
<useDomainConstraints>false</useDomainConstraints>
<use>1</use>
<logicalDatatype>LOGDT019</logicalDatatype>
<ownDataTypeParameters>,,</ownDataTypeParameters>
<autoIncrementCycle>false</autoIncrementCycle>
</Column>
<Column name="Persona_Id_persona" id="9B3D4F61-749F-D722-79BD-7E0C8F4D26EB">
<createdBy>FrZxK</createdBy>
<createdTime>2025-09-02 02:04:52 UTC</createdTime>
<generatorID>5BE0074E-6716-C430-C3D5-69804216300D</generatorID>
<ownerDesignName>Vivir Mejor</ownerDesignName>
<useDomainConstraints>false</useDomainConstraints>
<use>1</use>
<logicalDatatype>LOGDT019</logicalDatatype>
<ownDataTypeParameters>,,</ownDataTypeParameters>
<previousColumn>false</previousColumn>
<autoIncrementCycle>false</autoIncrementCycle>
<associations>
<colAssociation fkAssociation="63D15B5D-641B-2EB7-FDE2-31F89EC2B5DF" referredColumn="57F614A1-0C78-81BC-FC54-6184FF406147"/>
</associations>
</Column>
<Column name="Relación_tipo" id="5C7441F6-95D5-AA51-F282-95072DAE937F">
<createdBy>FrZxK</createdBy>
<createdTime>2025-09-02 02:04:52 UTC</createdTime>
<generatorID>79DF089F-3FFA-A0C9-E373-F9801D110A0F</generatorID>
<ownerDesignName>Vivir Mejor</ownerDesignName>
<useDomainConstraints>false</useDomainConstraints>
<use>1</use>
<logicalDatatype>LOGDT024</logicalDatatype>
<dataTypeSize>50</dataTypeSize>
<ownDataTypeParameters>50,,</ownDataTypeParameters>
<autoIncrementCycle>false</autoIncrementCycle>
</Column>
</columns>
<indexes itemClass="oracle.dbtools.crest.model.design.relational.Index">
<ind_PK_UK id="8592B770-B330-6853-58BF-14CF0CDA216F" name="Apoderado_PK">
<createdBy>FrZxK</createdBy>
<createdTime>2025-09-02 02:04:52 UTC</createdTime>
<generatorID>D9A7F402-2969-8BE9-D895-8BB2201E567D</generatorID>
<ownerDesignName>Vivir Mejor</ownerDesignName>
<pk>true</pk>
<indexState>Primary Constraint</indexState>
<isSurrogateKey>false</isSurrogateKey>
<indexColumnUsage>
<colUsage columnID="296FA123-80A1-066B-0999-D50C220C8CC1"/>
</indexColumnUsage>
</ind_PK_UK>
<ind_PK_UK id="FE51CA01-82E7-5EBB-E70A-6B9AAF9F3829" name="Apoderado__IDX">
<createdBy>FrZxK</createdBy>
<createdTime>2025-09-02 02:04:52 UTC</createdTime>
<ownerDesignName>Vivir Mejor</ownerDesignName>
<indexState>Unique Plain Index</indexState>
<isSurrogateKey>false</isSurrogateKey>
<relationGeneratorID>D6E734DD-82D8-A33A-C95E-B7CE7EED3F46</relationGeneratorID>
<indexColumnUsage>
<colUsage columnID="9B3D4F61-749F-D722-79BD-7E0C8F4D26EB"/>
</indexColumnUsage>
</ind_PK_UK>
<ind_PK_UK id="43CA1C3D-ACFB-EE86-42A8-990F16B1CDA2" name="Apoderado_Persona_FK">
<createdBy>FrZxK</createdBy>
<createdTime>2025-09-02 02:04:52 UTC</createdTime>
<generatorID>D6E734DD-82D8-A33A-C95E-B7CE7EED3F46</generatorID>
<ownerDesignName>Vivir Mejor</ownerDesignName>
<indexState>Foreign Key</indexState>
<isSurrogateKey>false</isSurrogateKey>
<indexColumnUsage>
<colUsage columnID="9B3D4F61-749F-D722-79BD-7E0C8F4D26EB"/>
</indexColumnUsage>
</ind_PK_UK>
</indexes>
</Table>