<?xml version = '1.0' encoding = 'UTF-8'?>
<Table class="oracle.dbtools.crest.model.design.relational.Table" directorySegmentName="seg_0" id="1E8AE117-4D50-8D95-9764-A37B88949C46" name="Residente">
<createdBy>FrZxK</createdBy>
<createdTime>2025-09-02 02:04:52 UTC</createdTime>
<generatorID>42F4816E-D0B6-2EBA-E44C-66C98D8E7472</generatorID>
<ownerDesignName>Vivir Mejor</ownerDesignName>
<allowColumnReorder>false</allowColumnReorder>
<existDependencyGenerateInDDl>true</existDependencyGenerateInDDl>
<parsed>true</parsed>
<columns itemClass="oracle.dbtools.crest.model.design.relational.Column">
<Column name="Id_Residente" id="EF294782-057F-2BD9-2CC9-54D6C660A1FA">
<createdBy>FrZxK</createdBy>
<createdTime>2025-09-02 02:04:52 UTC</createdTime>
<generatorID>38FECC32-EC77-C6F4-9BBE-1A1A1AFE802F</generatorID>
<ownerDesignName>Vivir Mejor</ownerDesignName>
<useDomainConstraints>false</useDomainConstraints>
<use>1</use>
<logicalDatatype>LOGDT019</logicalDatatype>
<ownDataTypeParameters>,,</ownDataTypeParameters>
<autoIncrementCycle>false</autoIncrementCycle>
</Column>
<Column name="Autonomía" id="E619964E-19CD-1D55-DC96-E2501DFBE517">
<createdBy>FrZxK</createdBy>
<createdTime>2025-09-02 02:04:52 UTC</createdTime>
<comment><![CDATA[Campo que indica si el residente es autónomo (S) o no (N)]]></comment>
<commentInRDBMS><![CDATA[CHECK (Autonomía IN ('S', 'N'))]]></commentInRDBMS>
<generatorID>7DFA46CB-9E88-A822-3EFC-CF6B0621FEDC</generatorID>
<notes><![CDATA[Valores permitidos: 'S' para Sí, 'N' para No]]></notes>
<ownerDesignName>Vivir Mejor</ownerDesignName>
<useDomainConstraints>false</useDomainConstraints>
<use>1</use>
<logicalDatatype>LOGDT024</logicalDatatype>
<dataTypeSize>1</dataTypeSize>
<ownDataTypeParameters>1,,</ownDataTypeParameters>
<autoIncrementCycle>false</autoIncrementCycle>
</Column>
<Column name="Tipo_residente" id="5F603F22-8FBD-AD49-EA5A-33ABD72AC24E">
<createdBy>FrZxK</createdBy>
<createdTime>2025-09-02 02:04:52 UTC</createdTime>
<commentInRDBMS><![CDATA[CHECK (Tipo_residente IN ('Temporal', 'Permanente'))]]></commentInRDBMS>
<generatorID>50469150-84E2-0AA5-B048-4D968B0E75F8</generatorID>
<ownerDesignName>Vivir Mejor</ownerDesignName>
<useDomainConstraints>false</useDomainConstraints>
<use>1</use>
<logicalDatatype>LOGDT024</logicalDatatype>
<dataTypeSize>20</dataTypeSize>
<ownDataTypeParameters>20,,</ownDataTypeParameters>
<autoIncrementCycle>false</autoIncrementCycle>
</Column>
<Column name="Historial_clínico" id="6CF7F992-5D7A-6A7C-C44E-42EB45741B7F">
<createdBy>FrZxK</createdBy>
<createdTime>2025-09-02 02:04:52 UTC</createdTime>
<generatorID>C2E47E7A-CF4F-2CAD-224B-E13C6A937913</generatorID>
<ownerDesignName>Vivir Mejor</ownerDesignName>
<nullsAllowed>true</nullsAllowed>
<useDomainConstraints>false</useDomainConstraints>
<use>1</use>
<logicalDatatype>LOGDT028</logicalDatatype>
<ownDataTypeParameters>,,</ownDataTypeParameters>
<autoIncrementCycle>false</autoIncrementCycle>
</Column>
<Column name="Días_estadia" id="C838712B-F451-39F5-C2E6-CB5D4273896D">
<createdBy>FrZxK</createdBy>
<createdTime>2025-09-02 02:04:52 UTC</createdTime>
<generatorID>2BC817A5-EE22-37E8-60F6-6F1BE205CC7E</generatorID>
<ownerDesignName>Vivir Mejor</ownerDesignName>
<nullsAllowed>true</nullsAllowed>
<useDomainConstraints>false</useDomainConstraints>
<use>1</use>
<logicalDatatype>LOGDT019</logicalDatatype>
<ownDataTypeParameters>,,</ownDataTypeParameters>
<autoIncrementCycle>false</autoIncrementCycle>
</Column>
<Column name="Persona_Id_persona" id="80B901E6-D605-1C0E-AAAD-FC50C7AE8D88">
<createdBy>FrZxK</createdBy>
<createdTime>2025-09-02 02:04:52 UTC</createdTime>
<generatorID>ABFB0726-1FF1-B178-C035-C2E2BA30346D</generatorID>
<ownerDesignName>Vivir Mejor</ownerDesignName>
<useDomainConstraints>false</useDomainConstraints>
<use>1</use>
<logicalDatatype>LOGDT019</logicalDatatype>
<ownDataTypeParameters>,,</ownDataTypeParameters>
<previousColumn>false</previousColumn>
<autoIncrementCycle>false</autoIncrementCycle>
<associations>
<colAssociation fkAssociation="2EA399CD-6694-1025-7142-FEB2F0850137" referredColumn="57F614A1-0C78-81BC-FC54-6184FF406147"/>
</associations>
</Column>
<Column name="Anexo_Id_anexo" id="D1A4814A-2664-DB0C-06C4-D70076AD739F">
<createdBy>FrZxK</createdBy>
<createdTime>2025-09-02 02:04:52 UTC</createdTime>
<generatorID>B38B21EF-E964-86D2-76F9-CC5A37655320</generatorID>
<ownerDesignName>Vivir Mejor</ownerDesignName>
<useDomainConstraints>false</useDomainConstraints>
<use>1</use>
<logicalDatatype>LOGDT019</logicalDatatype>
<ownDataTypeParameters>,,</ownDataTypeParameters>
<previousColumn>false</previousColumn>
<autoIncrementCycle>false</autoIncrementCycle>
<associations>
<colAssociation fkAssociation="2DD57ADD-642A-10F8-8E88-666BE7ADB340" referredColumn="FA43110E-578D-9252-6472-A4C264C69527"/>
</associations>
</Column>
<Column name="Anexo_Id_anexo2" id="102CBF44-22AD-54B3-8850-1975524CCE3F">
<createdBy>FrZxK</createdBy>
<createdTime>2025-09-02 03:45:52 UTC</createdTime>
<generatorID>2A07F66C-6ED8-09B5-0947-73DAE9AE33FF</generatorID>
<ownerDesignName>Vivir Mejor</ownerDesignName>
<useDomainConstraints>false</useDomainConstraints>
<use>1</use>
<logicalDatatype>LOGDT019</logicalDatatype>
<ownDataTypeParameters>,,</ownDataTypeParameters>
<previousColumn>false</previousColumn>
<autoIncrementCycle>false</autoIncrementCycle>
<associations>
<colAssociation fkAssociation="CDB662E8-9A7B-3DFA-C573-DA4EE28F8573" referredColumn="FA43110E-578D-9252-6472-A4C264C69527"/>
</associations>
</Column>
</columns>
<indexes itemClass="oracle.dbtools.crest.model.design.relational.Index">
<ind_PK_UK id="285FFE05-DD8F-5C2F-E0D7-3934AD271B3F" name="Residente_PK">
<createdBy>FrZxK</createdBy>
<createdTime>2025-09-02 02:04:52 UTC</createdTime>
<generatorID>455E56C0-FA55-5A0A-AA55-4996E6344911</generatorID>
<ownerDesignName>Vivir Mejor</ownerDesignName>
<pk>true</pk>
<indexState>Primary Constraint</indexState>
<isSurrogateKey>false</isSurrogateKey>
<indexColumnUsage>
<colUsage columnID="EF294782-057F-2BD9-2CC9-54D6C660A1FA"/>
</indexColumnUsage>
</ind_PK_UK>
<ind_PK_UK id="CF59BDBC-E641-DCE5-6B91-5BAC8DE7FF1F" name="Residente__IDX">
<createdBy>FrZxK</createdBy>
<createdTime>2025-09-02 02:04:52 UTC</createdTime>
<ownerDesignName>Vivir Mejor</ownerDesignName>
<indexState>Unique Plain Index</indexState>
<isSurrogateKey>false</isSurrogateKey>
<relationGeneratorID>BC3D3BEF-E0D9-B108-65F2-35EB26DF5E16</relationGeneratorID>
<indexColumnUsage>
<colUsage columnID="D1A4814A-2664-DB0C-06C4-D70076AD739F"/>
</indexColumnUsage>
</ind_PK_UK>
<ind_PK_UK id="7962AB42-AE10-019B-4FA5-63FE37621418" name="Residente__IDXv1">
<createdBy>FrZxK</createdBy>
<createdTime>2025-09-02 02:04:52 UTC</createdTime>
<ownerDesignName>Vivir Mejor</ownerDesignName>
<indexState>Unique Plain Index</indexState>
<isSurrogateKey>false</isSurrogateKey>
<relationGeneratorID>CC537165-3245-D1A5-D256-145C294A38C6</relationGeneratorID>
<indexColumnUsage>
<colUsage columnID="80B901E6-D605-1C0E-AAAD-FC50C7AE8D88"/>
</indexColumnUsage>
</ind_PK_UK>
<ind_PK_UK id="633DC537-1003-ABD2-F4FE-F0088DAD4668" name="Residente__IDXv2">
<createdBy>FrZxK</createdBy>
<createdTime>2025-09-02 03:45:52 UTC</createdTime>
<ownerDesignName>Vivir Mejor</ownerDesignName>
<indexState>Unique Plain Index</indexState>
<isSurrogateKey>false</isSurrogateKey>
<relationGeneratorID>C8472754-73C0-1117-E0B9-1C8C2114ADB3</relationGeneratorID>
<indexColumnUsage>
<colUsage columnID="102CBF44-22AD-54B3-8850-1975524CCE3F"/>
</indexColumnUsage>
</ind_PK_UK>
<ind_PK_UK id="AAA0C418-3064-EB62-1D7C-B729F520A381" name="Residente_Anexo_FK">
<createdBy>FrZxK</createdBy>
<createdTime>2025-09-02 02:04:52 UTC</createdTime>
<generatorID>BC3D3BEF-E0D9-B108-65F2-35EB26DF5E16</generatorID>
<ownerDesignName>Vivir Mejor</ownerDesignName>
<indexState>Foreign Key</indexState>
<isSurrogateKey>false</isSurrogateKey>
<indexColumnUsage>
<colUsage columnID="D1A4814A-2664-DB0C-06C4-D70076AD739F"/>
</indexColumnUsage>
</ind_PK_UK>
<ind_PK_UK id="08B7DA4D-A6EC-9BCA-CDC5-EBCADD854C19" name="Residente_Persona_FK">
<createdBy>FrZxK</createdBy>
<createdTime>2025-09-02 02:04:52 UTC</createdTime>
<generatorID>CC537165-3245-D1A5-D256-145C294A38C6</generatorID>
<ownerDesignName>Vivir Mejor</ownerDesignName>
<indexState>Foreign Key</indexState>
<isSurrogateKey>false</isSurrogateKey>
<indexColumnUsage>
<colUsage columnID="80B901E6-D605-1C0E-AAAD-FC50C7AE8D88"/>
</indexColumnUsage>
</ind_PK_UK>
<ind_PK_UK id="C19890BD-69C7-3F90-5980-55359C156169" name="Residente_Anexo_FKv2">
<createdBy>FrZxK</createdBy>
<createdTime>2025-09-02 03:45:52 UTC</createdTime>
<generatorID>C8472754-73C0-1117-E0B9-1C8C2114ADB3</generatorID>
<ownerDesignName>Vivir Mejor</ownerDesignName>
<indexState>Foreign Key</indexState>
<isSurrogateKey>false</isSurrogateKey>
<indexColumnUsage>
<colUsage columnID="102CBF44-22AD-54B3-8850-1975524CCE3F"/>
</indexColumnUsage>
</ind_PK_UK>
</indexes>
</Table>