<?xml version = '1.0' encoding = 'UTF-8'?>
<Table class="oracle.dbtools.crest.model.design.relational.Table" directorySegmentName="seg_0" id="8952DCEA-8453-EC71-128E-59C3DB980329" name="Residencia">
<createdBy>FrZxK</createdBy>
<createdTime>2025-09-02 02:04:52 UTC</createdTime>
<generatorID>287C69E6-ECDE-9A43-AB85-AA82274B2712</generatorID>
<ownerDesignName>Vivir Mejor</ownerDesignName>
<allowColumnReorder>false</allowColumnReorder>
<existDependencyGenerateInDDl>true</existDependencyGenerateInDDl>
<parsed>true</parsed>
<columns itemClass="oracle.dbtools.crest.model.design.relational.Column">
<Column name="Id_residencia" id="2978C847-ADF4-9ED2-BD87-2B34803B45D0">
<createdBy>FrZxK</createdBy>
<createdTime>2025-09-02 02:04:52 UTC</createdTime>
<generatorID>FE889838-48AB-565A-9701-7390A5BBF104</generatorID>
<ownerDesignName>Vivir Mejor</ownerDesignName>
<useDomainConstraints>false</useDomainConstraints>
<use>1</use>
<logicalDatatype>LOGDT019</logicalDatatype>
<ownDataTypeParameters>,,</ownDataTypeParameters>
<autoIncrementCycle>false</autoIncrementCycle>
</Column>
<Column name="Nombre" id="BE39686D-357E-9064-FB2F-EFF7B1C2CFCC">
<createdBy>FrZxK</createdBy>
<createdTime>2025-09-02 02:04:52 UTC</createdTime>
<generatorID>EFC2FFB1-21FD-6FBB-3DA1-118334BC3CC3</generatorID>
<ownerDesignName>Vivir Mejor</ownerDesignName>
<useDomainConstraints>false</useDomainConstraints>
<use>1</use>
<logicalDatatype>LOGDT024</logicalDatatype>
<dataTypeSize>100</dataTypeSize>
<ownDataTypeParameters>100,,</ownDataTypeParameters>
<autoIncrementCycle>false</autoIncrementCycle>
</Column>
<Column name="Dirección" id="63D78AB6-3E20-30D5-0BB2-7EF68DC03222">
<createdBy>FrZxK</createdBy>
<createdTime>2025-09-02 02:04:52 UTC</createdTime>
<generatorID>2F113C14-993E-D215-7D85-18B7672DBA9B</generatorID>
<ownerDesignName>Vivir Mejor</ownerDesignName>
<useDomainConstraints>false</useDomainConstraints>
<use>1</use>
<logicalDatatype>LOGDT024</logicalDatatype>
<dataTypeSize>200</dataTypeSize>
<ownDataTypeParameters>200,,</ownDataTypeParameters>
<autoIncrementCycle>false</autoIncrementCycle>
</Column>
<Column name="Comuna" id="2A03A3C9-9C43-A636-BE73-A882DB24B7F4">
<createdBy>FrZxK</createdBy>
<createdTime>2025-09-02 02:04:52 UTC</createdTime>
<generatorID>3FEE2DBC-D1E9-1339-7D92-C767E9A31296</generatorID>
<ownerDesignName>Vivir Mejor</ownerDesignName>
<useDomainConstraints>false</useDomainConstraints>
<use>1</use>
<logicalDatatype>LOGDT024</logicalDatatype>
<dataTypeSize>50</dataTypeSize>
<ownDataTypeParameters>50,,</ownDataTypeParameters>
<autoIncrementCycle>false</autoIncrementCycle>
</Column>
<Column name="Teléfono" id="FEA10016-07A3-BF83-7D21-7EFAC7A1F3C5">
<createdBy>FrZxK</createdBy>
<createdTime>2025-09-02 02:04:52 UTC</createdTime>
<generatorID>4D8E39FC-2779-72AC-D3F4-DA5E497A63D9</generatorID>
<ownerDesignName>Vivir Mejor</ownerDesignName>
<useDomainConstraints>false</useDomainConstraints>
<use>1</use>
<logicalDatatype>LOGDT024</logicalDatatype>
<dataTypeSize>20</dataTypeSize>
<ownDataTypeParameters>20,,</ownDataTypeParameters>
<autoIncrementCycle>false</autoIncrementCycle>
</Column>
</columns>
<indexes itemClass="oracle.dbtools.crest.model.design.relational.Index">
<ind_PK_UK id="9E8FD93F-A41D-9205-D50E-49FB7F2EE0D5" name="Residencia_PK">
<createdBy>FrZxK</createdBy>
<createdTime>2025-09-02 02:04:52 UTC</createdTime>
<generatorID>99D60C25-861D-80B4-E9BA-9E4C1B0D2E2F</generatorID>
<ownerDesignName>Vivir Mejor</ownerDesignName>
<pk>true</pk>
<indexState>Primary Constraint</indexState>
<isSurrogateKey>false</isSurrogateKey>
<indexColumnUsage>
<colUsage columnID="2978C847-ADF4-9ED2-BD87-2B34803B45D0"/>
</indexColumnUsage>
</ind_PK_UK>
</indexes>
</Table>