<?xml version = '1.0' encoding = 'UTF-8'?>
<Table class="oracle.dbtools.crest.model.design.relational.Table" directorySegmentName="seg_0" id="E7F93FAD-C986-4EDC-50F0-BB9D6FF5E15F" name="Asignación_Habitación">
<createdBy>FrZxK</createdBy>
<createdTime>2025-09-02 02:04:52 UTC</createdTime>
<generatorID>F20F71F4-7B94-1356-F043-66E109E8D64F</generatorID>
<ownerDesignName>Vivir Mejor</ownerDesignName>
<allowColumnReorder>false</allowColumnReorder>
<existDependencyGenerateInDDl>true</existDependencyGenerateInDDl>
<parsed>true</parsed>
<columns itemClass="oracle.dbtools.crest.model.design.relational.Column">
<Column name="Id_asignación" id="DE324530-F122-0156-4373-37BED9A4FEA4">
<createdBy>FrZxK</createdBy>
<createdTime>2025-09-02 02:04:52 UTC</createdTime>
<generatorID>952BE429-5049-29C2-5DB6-EAEF0645B531</generatorID>
<ownerDesignName>Vivir Mejor</ownerDesignName>
<useDomainConstraints>false</useDomainConstraints>
<use>1</use>
<logicalDatatype>LOGDT019</logicalDatatype>
<ownDataTypeParameters>,,</ownDataTypeParameters>
<autoIncrementCycle>false</autoIncrementCycle>
</Column>
<Column name="Fecha_asignación" id="6C41D424-D8DD-33F3-6C6B-7D079020ED53">
<createdBy>FrZxK</createdBy>
<createdTime>2025-09-02 02:04:52 UTC</createdTime>
<generatorID>5480DD66-3A3C-173A-3557-8AC414C74789</generatorID>
<ownerDesignName>Vivir Mejor</ownerDesignName>
<useDomainConstraints>false</useDomainConstraints>
<use>1</use>
<logicalDatatype>LOGDT007</logicalDatatype>
<ownDataTypeParameters>,,</ownDataTypeParameters>
<autoIncrementCycle>false</autoIncrementCycle>
</Column>
<Column name="Fecha_liberación" id="9780ECE7-229A-4E7C-9473-E42A08243008">
<createdBy>FrZxK</createdBy>
<createdTime>2025-09-02 02:04:52 UTC</createdTime>
<generatorID>CC6866CD-7830-CF1C-A96F-CD6DE12EE97F</generatorID>
<ownerDesignName>Vivir Mejor</ownerDesignName>
<nullsAllowed>true</nullsAllowed>
<useDomainConstraints>false</useDomainConstraints>
<use>1</use>
<logicalDatatype>LOGDT007</logicalDatatype>
<ownDataTypeParameters>,,</ownDataTypeParameters>
<autoIncrementCycle>false</autoIncrementCycle>
</Column>
<Column name="Estado" id="6D4592A3-25A9-F8D0-6833-87B8DAF52AE9">
<createdBy>FrZxK</createdBy>
<createdTime>2025-09-02 02:04:52 UTC</createdTime>
<generatorID>FBCBD690-4D1F-1576-ACA4-67F3CDAACD34</generatorID>
<ownerDesignName>Vivir Mejor</ownerDesignName>
<useDomainConstraints>false</useDomainConstraints>
<use>1</use>
<logicalDatatype>LOGDT024</logicalDatatype>
<dataTypeSize>15</dataTypeSize>
<ownDataTypeParameters>15,,</ownDataTypeParameters>
<autoIncrementCycle>false</autoIncrementCycle>
</Column>
<Column name="Residente_Id_Residente" id="5D2546C6-3A94-FA4E-B3F6-2894A74B112F">
<createdBy>FrZxK</createdBy>
<createdTime>2025-09-02 02:04:52 UTC</createdTime>
<generatorID>764D0B85-5579-9AEE-AD1A-6DD3B5B8E667</generatorID>
<ownerDesignName>Vivir Mejor</ownerDesignName>
<useDomainConstraints>false</useDomainConstraints>
<use>1</use>
<logicalDatatype>LOGDT019</logicalDatatype>
<ownDataTypeParameters>,,</ownDataTypeParameters>
<previousColumn>false</previousColumn>
<autoIncrementCycle>false</autoIncrementCycle>
<associations>
<colAssociation fkAssociation="3F0205E3-252B-552B-80E5-8EBD5293265D" referredColumn="EF294782-057F-2BD9-2CC9-54D6C660A1FA"/>
</associations>
</Column>
<Column name="Habitación_Id_habitación" id="7CCC5850-F03A-A1EC-98AB-DCA058794FA0">
<createdBy>FrZxK</createdBy>
<createdTime>2025-09-02 02:18:45 UTC</createdTime>
<generatorID>D2751806-CBEF-BE40-4303-A232AA025FA2</generatorID>
<ownerDesignName>Vivir Mejor</ownerDesignName>
<useDomainConstraints>false</useDomainConstraints>
<use>1</use>
<logicalDatatype>LOGDT019</logicalDatatype>
<ownDataTypeParameters>,,</ownDataTypeParameters>
<previousColumn>false</previousColumn>
<autoIncrementCycle>false</autoIncrementCycle>
<associations>
<colAssociation fkAssociation="41861377-E260-4EB9-5706-EFA31D3719F6" referredColumn="2A496609-3F3D-3D3C-D7AE-A6E96611F144"/>
</associations>
</Column>
</columns>
<indexes itemClass="oracle.dbtools.crest.model.design.relational.Index">
<ind_PK_UK id="2989EE2A-047E-72DC-3A06-BACEED3747A8" name="Asignación_Habitación_PK">
<createdBy>FrZxK</createdBy>
<createdTime>2025-09-02 02:04:52 UTC</createdTime>
<generatorID>FE54BF3F-C4E3-8D0B-1912-088207916AF7</generatorID>
<ownerDesignName>Vivir Mejor</ownerDesignName>
<pk>true</pk>
<indexState>Primary Constraint</indexState>
<isSurrogateKey>false</isSurrogateKey>
<indexColumnUsage>
<colUsage columnID="DE324530-F122-0156-4373-37BED9A4FEA4"/>
</indexColumnUsage>
</ind_PK_UK>
<ind_PK_UK id="6EF9DDB2-3DF9-8B3D-68F6-59FEE0196746" name="Asignación_Habitación__IDX">
<createdBy>FrZxK</createdBy>
<createdTime>2025-09-02 02:18:45 UTC</createdTime>
<ownerDesignName>Vivir Mejor</ownerDesignName>
<indexState>Unique Plain Index</indexState>
<isSurrogateKey>false</isSurrogateKey>
<relationGeneratorID>DFC36D53-12DA-D081-7B72-7ADBF2739792</relationGeneratorID>
<indexColumnUsage>
<colUsage columnID="7CCC5850-F03A-A1EC-98AB-DCA058794FA0"/>
</indexColumnUsage>
</ind_PK_UK>
<ind_PK_UK id="FA78B2F9-3750-525D-3700-AAD1D554A8A2" name="Asignación_Habitación_Residente_FK">
<createdBy>FrZxK</createdBy>
<createdTime>2025-09-02 02:04:52 UTC</createdTime>
<generatorID>D92CE6F9-22E2-D6C1-CFF8-6D52B0C59920</generatorID>
<ownerDesignName>Vivir Mejor</ownerDesignName>
<indexState>Foreign Key</indexState>
<isSurrogateKey>false</isSurrogateKey>
<indexColumnUsage>
<colUsage columnID="5D2546C6-3A94-FA4E-B3F6-2894A74B112F"/>
</indexColumnUsage>
</ind_PK_UK>
<ind_PK_UK id="743F71E3-7D61-AD31-C5C1-3BA100A7D31D" name="Asignación_Habitación_Habitación_FK">
<createdBy>FrZxK</createdBy>
<createdTime>2025-09-02 02:18:45 UTC</createdTime>
<generatorID>DFC36D53-12DA-D081-7B72-7ADBF2739792</generatorID>
<ownerDesignName>Vivir Mejor</ownerDesignName>
<indexState>Foreign Key</indexState>
<isSurrogateKey>false</isSurrogateKey>
<indexColumnUsage>
<colUsage columnID="7CCC5850-F03A-A1EC-98AB-DCA058794FA0"/>
</indexColumnUsage>
</ind_PK_UK>
</indexes>
</Table>