<?xml version = '1.0' encoding = 'UTF-8'?>
<Table class="oracle.dbtools.crest.model.design.relational.Table" directorySegmentName="seg_0" id="EF2402CD-07F2-AD07-D4D8-065F138CC392" name="Personal">
<createdBy>FrZxK</createdBy>
<createdTime>2025-09-02 02:04:52 UTC</createdTime>
<generatorID>9FCEE55B-8BA3-1E24-CAF2-46D7B3BADD14</generatorID>
<ownerDesignName>Vivir Mejor</ownerDesignName>
<allowColumnReorder>false</allowColumnReorder>
<existDependencyGenerateInDDl>true</existDependencyGenerateInDDl>
<parsed>true</parsed>
<columns itemClass="oracle.dbtools.crest.model.design.relational.Column">
<Column name="Id_personal" id="B3B3DA29-94B1-57CD-39CC-69E25B791BE1">
<createdBy>FrZxK</createdBy>
<createdTime>2025-09-02 02:04:52 UTC</createdTime>
<generatorID>693F8B8D-5CB5-6A07-17E6-792BA7BBA60D</generatorID>
<ownerDesignName>Vivir Mejor</ownerDesignName>
<useDomainConstraints>false</useDomainConstraints>
<use>1</use>
<logicalDatatype>LOGDT019</logicalDatatype>
<ownDataTypeParameters>,,</ownDataTypeParameters>
<autoIncrementCycle>false</autoIncrementCycle>
</Column>
<Column name="Rut" id="E451D040-B658-B322-C0B8-36A583B20AE1">
<createdBy>FrZxK</createdBy>
<createdTime>2025-09-02 02:04:52 UTC</createdTime>
<generatorID>8EF12130-B840-B25C-ED6F-52EC8FF2757F</generatorID>
<ownerDesignName>Vivir Mejor</ownerDesignName>
<useDomainConstraints>false</useDomainConstraints>
<use>1</use>
<logicalDatatype>LOGDT024</logicalDatatype>
<dataTypeSize>12</dataTypeSize>
<ownDataTypeParameters>12,,</ownDataTypeParameters>
<autoIncrementCycle>false</autoIncrementCycle>
</Column>
<Column name="Nombre" id="30320A38-F207-6718-1817-0C8F088CACE0">
<createdBy>FrZxK</createdBy>
<createdTime>2025-09-02 02:04:52 UTC</createdTime>
<generatorID>CBF14E40-EB11-85D9-1B4B-BE64DDA08A1C</generatorID>
<ownerDesignName>Vivir Mejor</ownerDesignName>
<useDomainConstraints>false</useDomainConstraints>
<use>1</use>
<logicalDatatype>LOGDT024</logicalDatatype>
<dataTypeSize>100</dataTypeSize>
<ownDataTypeParameters>100,,</ownDataTypeParameters>
<autoIncrementCycle>false</autoIncrementCycle>
</Column>
<Column name="Fecha_ingreso" id="0FEC2808-70F7-8752-3153-D71442C10090">
<createdBy>FrZxK</createdBy>
<createdTime>2025-09-02 02:04:52 UTC</createdTime>
<generatorID>8180AF8C-0418-C8D3-D11D-16FC99812DE5</generatorID>
<ownerDesignName>Vivir Mejor</ownerDesignName>
<useDomainConstraints>false</useDomainConstraints>
<use>1</use>
<logicalDatatype>LOGDT007</logicalDatatype>
<ownDataTypeParameters>,,</ownDataTypeParameters>
<autoIncrementCycle>false</autoIncrementCycle>
</Column>
<Column name="Tipo_personal" id="FF583F4A-3C02-D7D8-602D-5AE2CF9F2A4A">
<createdBy>FrZxK</createdBy>
<createdTime>2025-09-02 02:04:52 UTC</createdTime>
<commentInRDBMS><![CDATA[CHECK (Tipo_personal IN ('Médico', 'Cuidador'))]]></commentInRDBMS>
<generatorID>8C8E3370-5674-FEB7-5C62-13B4FF7AFDEB</generatorID>
<ownerDesignName>Vivir Mejor</ownerDesignName>
<useDomainConstraints>false</useDomainConstraints>
<use>1</use>
<logicalDatatype>LOGDT024</logicalDatatype>
<dataTypeSize>20</dataTypeSize>
<ownDataTypeParameters>20,,</ownDataTypeParameters>
<autoIncrementCycle>false</autoIncrementCycle>
</Column>
<Column name="Residencia_Id_residencia" id="A53E7856-D0E0-FBA8-9910-54CD2473AFB1">
<createdBy>FrZxK</createdBy>
<createdTime>2025-09-02 02:04:52 UTC</createdTime>
<generatorID>9AF8C8BB-CF97-EDAE-966D-13D129892F89</generatorID>
<ownerDesignName>Vivir Mejor</ownerDesignName>
<useDomainConstraints>false</useDomainConstraints>
<use>1</use>
<logicalDatatype>LOGDT019</logicalDatatype>
<ownDataTypeParameters>,,</ownDataTypeParameters>
<previousColumn>false</previousColumn>
<autoIncrementCycle>false</autoIncrementCycle>
<associations>
<colAssociation fkAssociation="CF710CC9-3C6E-B1F7-A31A-60972B9EE58F" referredColumn="2978C847-ADF4-9ED2-BD87-2B34803B45D0"/>
</associations>
</Column>
</columns>
<indexes itemClass="oracle.dbtools.crest.model.design.relational.Index">
<ind_PK_UK id="F7FB43D8-3568-BD43-6ED2-C5C34113F3AC" name="Personal_PK">
<createdBy>FrZxK</createdBy>
<createdTime>2025-09-02 02:04:52 UTC</createdTime>
<generatorID>A3BBB9DB-7FF2-E512-49C0-5FE234DD7793</generatorID>
<ownerDesignName>Vivir Mejor</ownerDesignName>
<pk>true</pk>
<indexState>Primary Constraint</indexState>
<isSurrogateKey>false</isSurrogateKey>
<indexColumnUsage>
<colUsage columnID="B3B3DA29-94B1-57CD-39CC-69E25B791BE1"/>
</indexColumnUsage>
</ind_PK_UK>
<ind_PK_UK id="47A4A70B-EB45-EF16-BC99-EE14001FC318" name="Personal_Residencia_FK">
<createdBy>FrZxK</createdBy>
<createdTime>2025-09-02 02:04:52 UTC</createdTime>
<generatorID>38B0A95C-42DC-73D9-DE67-B14897829740</generatorID>
<ownerDesignName>Vivir Mejor</ownerDesignName>
<indexState>Foreign Key</indexState>
<isSurrogateKey>false</isSurrogateKey>
<indexColumnUsage>
<colUsage columnID="A53E7856-D0E0-FBA8-9910-54CD2473AFB1"/>
</indexColumnUsage>
</ind_PK_UK>
</indexes>
</Table>