<?xml version = '1.0' encoding = 'UTF-8'?>
<Table class="oracle.dbtools.crest.model.design.relational.Table" directorySegmentName="seg_0" id="F268C67E-F476-47F9-ED75-DCAED0DE5A38" name="Médico">
<createdBy>FrZxK</createdBy>
<createdTime>2025-09-02 02:04:52 UTC</createdTime>
<generatorID>DC060CD9-F657-67BC-95B0-31ACE98C1126</generatorID>
<ownerDesignName>Vivir Mejor</ownerDesignName>
<allowColumnReorder>false</allowColumnReorder>
<existDependencyGenerateInDDl>true</existDependencyGenerateInDDl>
<parsed>true</parsed>
<columns itemClass="oracle.dbtools.crest.model.design.relational.Column">
<Column name="Id_Médico" id="3878EC50-FB11-DAF2-985C-46F4F6E8BA28">
<createdBy>FrZxK</createdBy>
<createdTime>2025-09-02 02:04:52 UTC</createdTime>
<generatorID>D797E281-6DEA-C489-6319-4B7DB19D05F0</generatorID>
<ownerDesignName>Vivir Mejor</ownerDesignName>
<useDomainConstraints>false</useDomainConstraints>
<use>1</use>
<logicalDatatype>LOGDT019</logicalDatatype>
<ownDataTypeParameters>,,</ownDataTypeParameters>
<autoIncrementCycle>false</autoIncrementCycle>
</Column>
<Column name="Especialidad" id="F9071736-83C9-950C-8236-BF59F25124E7">
<createdBy>FrZxK</createdBy>
<createdTime>2025-09-02 02:04:52 UTC</createdTime>
<generatorID>0F0B1907-EF9A-1688-98CD-3830E2169C3C</generatorID>
<ownerDesignName>Vivir Mejor</ownerDesignName>
<useDomainConstraints>false</useDomainConstraints>
<use>1</use>
<logicalDatatype>LOGDT024</logicalDatatype>
<dataTypeSize>100</dataTypeSize>
<ownDataTypeParameters>100,,</ownDataTypeParameters>
<autoIncrementCycle>false</autoIncrementCycle>
</Column>
<Column name="Id_médico_supervisor" id="BFFD0C20-D41B-BF5E-932F-27B66AEDB36D">
<createdBy>FrZxK</createdBy>
<createdTime>2025-09-02 02:04:52 UTC</createdTime>
<generatorID>991367BD-98F6-AC14-E259-6ACEC5F08D4A</generatorID>
<ownerDesignName>Vivir Mejor</ownerDesignName>
<nullsAllowed>true</nullsAllowed>
<useDomainConstraints>false</useDomainConstraints>
<use>1</use>
<logicalDatatype>LOGDT019</logicalDatatype>
<ownDataTypeParameters>,,</ownDataTypeParameters>
<autoIncrementCycle>false</autoIncrementCycle>
</Column>
<Column name="Personal_Id_personal" id="77ACB0EE-6B11-3A74-1C4D-EBB9B17CFC3A">
<createdBy>FrZxK</createdBy>
<createdTime>2025-09-02 02:04:52 UTC</createdTime>
<generatorID>18A2F34E-ED93-A16B-E229-5F30629FD9FA</generatorID>
<ownerDesignName>Vivir Mejor</ownerDesignName>
<useDomainConstraints>false</useDomainConstraints>
<use>1</use>
<logicalDatatype>LOGDT019</logicalDatatype>
<ownDataTypeParameters>,,</ownDataTypeParameters>
<previousColumn>false</previousColumn>
<autoIncrementCycle>false</autoIncrementCycle>
<associations>
<colAssociation fkAssociation="CCC9B50F-0A78-41F9-ECF4-A98FC1F26816" referredColumn="B3B3DA29-94B1-57CD-39CC-69E25B791BE1"/>
</associations>
</Column>
</columns>
<indexes itemClass="oracle.dbtools.crest.model.design.relational.Index">
<ind_PK_UK id="316598CF-5DFB-311E-2FB6-005D4779666C" name="Médico_PK">
<createdBy>FrZxK</createdBy>
<createdTime>2025-09-02 02:04:52 UTC</createdTime>
<generatorID>B3E75993-1E2F-AE6E-86D4-82CC3F1F0E7D</generatorID>
<ownerDesignName>Vivir Mejor</ownerDesignName>
<pk>true</pk>
<indexState>Primary Constraint</indexState>
<isSurrogateKey>false</isSurrogateKey>
<indexColumnUsage>
<colUsage columnID="3878EC50-FB11-DAF2-985C-46F4F6E8BA28"/>
</indexColumnUsage>
</ind_PK_UK>
<ind_PK_UK id="6CFECF27-987A-D6AF-A335-9E1B3B18B2B3" name="Médico__IDX">
<createdBy>FrZxK</createdBy>
<createdTime>2025-09-02 02:04:52 UTC</createdTime>
<ownerDesignName>Vivir Mejor</ownerDesignName>
<indexState>Unique Plain Index</indexState>
<isSurrogateKey>false</isSurrogateKey>
<relationGeneratorID>F6CD73D9-2B2E-0B8C-7C76-102F3095C4DD</relationGeneratorID>
<indexColumnUsage>
<colUsage columnID="77ACB0EE-6B11-3A74-1C4D-EBB9B17CFC3A"/>
</indexColumnUsage>
</ind_PK_UK>
<ind_PK_UK id="741D5639-07C2-F9C7-5FEE-31139A525120" name="Médico_Personal_FK">
<createdBy>FrZxK</createdBy>
<createdTime>2025-09-02 02:04:52 UTC</createdTime>
<generatorID>F6CD73D9-2B2E-0B8C-7C76-102F3095C4DD</generatorID>
<ownerDesignName>Vivir Mejor</ownerDesignName>
<indexState>Foreign Key</indexState>
<isSurrogateKey>false</isSurrogateKey>
<indexColumnUsage>
<colUsage columnID="77ACB0EE-6B11-3A74-1C4D-EBB9B17CFC3A"/>
</indexColumnUsage>
</ind_PK_UK>
</indexes>
</Table>