<?xml version = '1.0' encoding = 'UTF-8'?>
<Entity class="oracle.dbtools.crest.model.design.logical.Entity" directorySegmentName="seg_0" id="052B7A98-4155-8936-0AA7-6B3D87E96E10" name="Reserva">
<createdBy>FrZxK</createdBy>
<createdTime>2025-08-17 23:39:18 UTC</createdTime>
<ownerDesignName>Línea Aérea BT&amp;Airways</ownerDesignName>
<engineerTo>
<item key="BF5883A9-FA24-E279-1841-85113B9CC82E" value="true"/>
</engineerTo>
<adequatelyNormalized>NO</adequatelyNormalized>
<expectedVolumes>0</expectedVolumes>
<fwdEngineeringStrategyName>Single Table</fwdEngineeringStrategyName>
<growthPercent>0</growthPercent>
<growthType>Year</growthType>
<maxVolumes>9999999</maxVolumes>
<minVolumes>0</minVolumes>
<normalForm>Third</normalForm>
<attributes itemClass="oracle.dbtools.crest.model.design.logical.Attribute">
<Attribute name="Numero_reserva" id="CA27F354-083C-AF7F-FCAC-47CBB5585768">
<createdBy>FrZxK</createdBy>
<createdTime>2025-08-17 23:39:26 UTC</createdTime>
<ownerDesignName>Línea Aérea BT&amp;Airways</ownerDesignName>
<engineerTo>
<item key="BF5883A9-FA24-E279-1841-85113B9CC82E" value="true"/>
</engineerTo>
<useDomainConstraints>false</useDomainConstraints>
<use>1</use>
<logicalDatatype>LOGDT024</logicalDatatype>
<dataTypeSize>20</dataTypeSize>
<ownDataTypeParameters>20,,</ownDataTypeParameters>
</Attribute>
<Attribute name="Fecha_reserva" id="9CC16E3F-3F1C-15D0-64EB-E7A015A50D9B">
<createdBy>FrZxK</createdBy>
<createdTime>2025-08-17 23:39:44 UTC</createdTime>
<ownerDesignName>Línea Aérea BT&amp;Airways</ownerDesignName>
<engineerTo>
<item key="BF5883A9-FA24-E279-1841-85113B9CC82E" value="true"/>
</engineerTo>
<useDomainConstraints>false</useDomainConstraints>
<use>1</use>
<logicalDatatype>LOGDT015</logicalDatatype>
<ownDataTypeParameters>,,</ownDataTypeParameters>
</Attribute>
<Attribute name="Fecha_viaje" id="ECF6AE5D-18B4-94B4-60D8-10EDE6B11E97">
<createdBy>FrZxK</createdBy>
<createdTime>2025-08-17 23:42:21 UTC</createdTime>
<ownerDesignName>Línea Aérea BT&amp;Airways</ownerDesignName>
<engineerTo>
<item key="BF5883A9-FA24-E279-1841-85113B9CC82E" value="true"/>
</engineerTo>
<useDomainConstraints>false</useDomainConstraints>
<use>1</use>
<logicalDatatype>LOGDT007</logicalDatatype>
<ownDataTypeParameters>,,</ownDataTypeParameters>
</Attribute>
<Attribute name="Estado" id="06915275-8B9C-223B-D04C-743C4269974E">
<createdBy>FrZxK</createdBy>
<createdTime>2025-08-17 23:42:40 UTC</createdTime>
<ownerDesignName>Línea Aérea BT&amp;Airways</ownerDesignName>
<engineerTo>
<item key="BF5883A9-FA24-E279-1841-85113B9CC82E" value="true"/>
</engineerTo>
<useDomainConstraints>false</useDomainConstraints>
<use>1</use>
<logicalDatatype>LOGDT024</logicalDatatype>
<dataTypeSize>10</dataTypeSize>
<ownDataTypeParameters>10,,</ownDataTypeParameters>
</Attribute>
<Attribute name="Rut_pasajero" id="A00C7BB9-5643-3DE5-53F9-E275234EC50D">
<createdBy>FrZxK</createdBy>
<createdTime>2025-08-19 00:42:53 UTC</createdTime>
<generatorID>908555A7-177F-C80F-817F-2ACB4479EEF6</generatorID>
<ownerDesignName>Línea Aérea BT&amp;Airways</ownerDesignName>
<engineerTo>
<item key="BF5883A9-FA24-E279-1841-85113B9CC82E" value="true"/>
</engineerTo>
<referedAttribute>E1877B69-BA48-A2AA-AF23-039AB1F8B093</referedAttribute>
<useDomainConstraints>false</useDomainConstraints>
<use>1</use>
<logicalDatatype>LOGDT024</logicalDatatype>
<dataTypeSize>12</dataTypeSize>
<ownDataTypeParameters>,,</ownDataTypeParameters>
</Attribute>
<Attribute name="Numero_vuelo" id="D7762EB2-CE69-56A0-8C5D-7090F4D115AF">
<createdBy>FrZxK</createdBy>
<createdTime>2025-08-19 00:43:19 UTC</createdTime>
<generatorID>76CA725F-1C54-0BFA-E94F-B29A4B14D383</generatorID>
<ownerDesignName>Línea Aérea BT&amp;Airways</ownerDesignName>
<engineerTo>
<item key="BF5883A9-FA24-E279-1841-85113B9CC82E" value="true"/>
</engineerTo>
<referedAttribute>5213177C-B2FA-5D8C-AC5C-C65EE0845560</referedAttribute>
<useDomainConstraints>false</useDomainConstraints>
<use>1</use>
<logicalDatatype>LOGDT024</logicalDatatype>
<dataTypeSize>10</dataTypeSize>
<ownDataTypeParameters>,,</ownDataTypeParameters>
</Attribute>
<Attribute name="Rut_empleado" id="B0BC8C2C-95D5-60A3-CC34-B3BC81B3198D">
<createdBy>FrZxK</createdBy>
<createdTime>2025-08-19 00:45:11 UTC</createdTime>
<generatorID>26E6786E-2671-9855-2A8C-E53EBBFC5D37</generatorID>
<ownerDesignName>Línea Aérea BT&amp;Airways</ownerDesignName>
<engineerTo>
<item key="BF5883A9-FA24-E279-1841-85113B9CC82E" value="true"/>
</engineerTo>
<referedAttribute>A44DF3D3-B5DE-5317-9D5F-8B5185215615</referedAttribute>
<useDomainConstraints>false</useDomainConstraints>
<use>1</use>
<logicalDatatype>LOGDT024</logicalDatatype>
<dataTypeSize>12</dataTypeSize>
<ownDataTypeParameters>,,</ownDataTypeParameters>
</Attribute>
</attributes>
<identifiers itemClass="oracle.dbtools.crest.model.design.logical.CandidateKey">
<identifier id="4E88B502-CD56-D197-746D-9520708BC778" name="Reserva PK">
<createdBy>FrZxK</createdBy>
<createdTime>2025-08-19 00:45:47 UTC</createdTime>
<ownerDesignName>Línea Aérea BT&amp;Airways</ownerDesignName>
<engineerTo>
<item key="BF5883A9-FA24-E279-1841-85113B9CC82E" value="true"/>
</engineerTo>
<pk>true</pk>
<usedAttributes>
<attributeRef>CA27F354-083C-AF7F-FCAC-47CBB5585768</attributeRef>
</usedAttributes>
</identifier>
</identifiers>
</Entity>