<?xml version = '1.0' encoding = 'UTF-8'?>
<Entity class="oracle.dbtools.crest.model.design.logical.Entity" directorySegmentName="seg_0" id="CE9EADEB-D01E-C502-AFD7-5FD38AD3350F" name="Vuelo">
<createdBy>FrZxK</createdBy>
<createdTime>2025-08-17 23:33:05 UTC</createdTime>
<ownerDesignName>Línea Aérea BT&amp;Airways</ownerDesignName>
<engineerTo>
<item key="BF5883A9-FA24-E279-1841-85113B9CC82E" value="true"/>
</engineerTo>
<adequatelyNormalized>NO</adequatelyNormalized>
<expectedVolumes>0</expectedVolumes>
<fwdEngineeringStrategyName>Single Table</fwdEngineeringStrategyName>
<growthPercent>0</growthPercent>
<growthType>Year</growthType>
<maxVolumes>9999999</maxVolumes>
<minVolumes>0</minVolumes>
<normalForm>Third</normalForm>
<attributes itemClass="oracle.dbtools.crest.model.design.logical.Attribute">
<Attribute name="Numero_vuelo" id="5213177C-B2FA-5D8C-AC5C-C65EE0845560">
<createdBy>FrZxK</createdBy>
<createdTime>2025-08-17 23:33:18 UTC</createdTime>
<ownerDesignName>Línea Aérea BT&amp;Airways</ownerDesignName>
<engineerTo>
<item key="BF5883A9-FA24-E279-1841-85113B9CC82E" value="true"/>
</engineerTo>
<useDomainConstraints>false</useDomainConstraints>
<use>1</use>
<logicalDatatype>LOGDT024</logicalDatatype>
<dataTypeSize>10</dataTypeSize>
<ownDataTypeParameters>10,,</ownDataTypeParameters>
</Attribute>
<Attribute name="Fecha_despegue" id="2D6A2D55-E056-5305-76D9-3FD13840304C">
<createdBy>FrZxK</createdBy>
<createdTime>2025-08-17 23:35:04 UTC</createdTime>
<ownerDesignName>Línea Aérea BT&amp;Airways</ownerDesignName>
<engineerTo>
<item key="BF5883A9-FA24-E279-1841-85113B9CC82E" value="true"/>
</engineerTo>
<useDomainConstraints>false</useDomainConstraints>
<use>1</use>
<logicalDatatype>LOGDT015</logicalDatatype>
<ownDataTypeParameters>,,</ownDataTypeParameters>
</Attribute>
<Attribute name="Fecha_llegada" id="ADAE5B72-F6B4-2917-BC8D-506507307644">
<createdBy>FrZxK</createdBy>
<createdTime>2025-08-17 23:35:19 UTC</createdTime>
<ownerDesignName>Línea Aérea BT&amp;Airways</ownerDesignName>
<engineerTo>
<item key="BF5883A9-FA24-E279-1841-85113B9CC82E" value="true"/>
</engineerTo>
<useDomainConstraints>false</useDomainConstraints>
<use>1</use>
<logicalDatatype>LOGDT015</logicalDatatype>
<ownDataTypeParameters>,,</ownDataTypeParameters>
</Attribute>
<Attribute name="Hora_salida" id="248FFE2C-1253-DD6B-B987-A7AFD7666A14">
<createdBy>FrZxK</createdBy>
<createdTime>2025-08-17 23:35:34 UTC</createdTime>
<ownerDesignName>Línea Aérea BT&amp;Airways</ownerDesignName>
<engineerTo>
<item key="BF5883A9-FA24-E279-1841-85113B9CC82E" value="true"/>
</engineerTo>
<useDomainConstraints>false</useDomainConstraints>
<use>1</use>
<logicalDatatype>LOGDT015</logicalDatatype>
<ownDataTypeParameters>,,</ownDataTypeParameters>
</Attribute>
<Attribute name="Aeropuerto_origen" id="1109B50C-EF35-8A8B-2131-B40369625142">
<createdBy>FrZxK</createdBy>
<createdTime>2025-08-19 00:37:26 UTC</createdTime>
<ownerDesignName>Línea Aérea BT&amp;Airways</ownerDesignName>
<engineerTo>
<item key="BF5883A9-FA24-E279-1841-85113B9CC82E" value="true"/>
</engineerTo>
<useDomainConstraints>false</useDomainConstraints>
<use>1</use>
<logicalDatatype>LOGDT024</logicalDatatype>
<dataTypeSize>50</dataTypeSize>
<ownDataTypeParameters>50,,</ownDataTypeParameters>
</Attribute>
<Attribute name="Aeropuerto_destino" id="5575438F-3BCD-B779-6873-6FF47531B5F4">
<createdBy>FrZxK</createdBy>
<createdTime>2025-08-19 00:37:51 UTC</createdTime>
<ownerDesignName>Línea Aérea BT&amp;Airways</ownerDesignName>
<engineerTo>
<item key="BF5883A9-FA24-E279-1841-85113B9CC82E" value="true"/>
</engineerTo>
<nullsAllowed>true</nullsAllowed>
<useDomainConstraints>false</useDomainConstraints>
<use>1</use>
<logicalDatatype>LOGDT024</logicalDatatype>
<dataTypeSize>50</dataTypeSize>
<ownDataTypeParameters>50,,</ownDataTypeParameters>
</Attribute>
</attributes>
<identifiers itemClass="oracle.dbtools.crest.model.design.logical.CandidateKey">
<identifier id="EEB6D8BB-533F-4745-4BA5-FEC7C45CD642" name="Vuelo PK">
<createdBy>FrZxK</createdBy>
<createdTime>2025-08-19 00:43:18 UTC</createdTime>
<ownerDesignName>Línea Aérea BT&amp;Airways</ownerDesignName>
<engineerTo>
<item key="BF5883A9-FA24-E279-1841-85113B9CC82E" value="true"/>
</engineerTo>
<pk>true</pk>
<usedAttributes>
<attributeRef>5213177C-B2FA-5D8C-AC5C-C65EE0845560</attributeRef>
</usedAttributes>
</identifier>
</identifiers>
</Entity>